2021 Postal Area (POA) Code,Usual Resident Population,Score,Decile
0800,7149 ,921,1
0810,34330 ,993,5
0812,18634 ,978,4
0820,19920 ,982,4
0822,25304 ,631,1
0828,1697 ,976,4
0829,1963 ,873,1
0830,18501 ,957,3
0832,18727 ,1025,7
0834,1811 ,1077,9
0835,3153 ,1085,10
0836,7597 ,1087,10
0837,489 ,1054,9
0838,870 ,1012,6
0839,510 ,863,1
0840,457 ,903,1
0841,627 ,993,5
0845,396 ,793,1
0846,317 ,901,1
0847,318 ,766,1
0850,7873 ,918,1
0852,8735 ,601,1
0853,850 ,1019,7
0854,755 ,647,1
0860,3080 ,775,1
0862,715 ,832,1
0870,20341 ,953,3
0872,14676 ,586,1
0873,2756 ,940,2
0874,554 ,990,5
0875,2482 ,934,2
0880,4953 ,848,1
0885,751 ,995,5
0886,755 ,886,1
2000,27936 ,804,1
2007,7410 ,791,1
2008,10400 ,816,1
2009,12658 ,918,1
2010,26443 ,888,1
2011,18187 ,873,1
2015,11422 ,984,4
2016,13072 ,879,1
2017,29003 ,870,1
2018,19878 ,951,2
2019,13467 ,1027,7
2020,21591 ,937,2
2021,14946 ,1002,6
2022,13509 ,981,4
2023,10590 ,1078,9
2024,11380 ,1054,9
2025,7189 ,1037,8
2026,32693 ,984,4
2027,7810 ,1004,6
2028,4709 ,992,5
2029,9911 ,1028,7
2030,14434 ,1111,10
2031,33830 ,1006,6
2032,14643 ,921,1
2033,11927 ,969,3
2034,20249 ,997,5
2035,34602 ,1000,5
2036,33767 ,999,5
2037,16641 ,902,1
2038,9487 ,1026,7
2039,8553 ,1055,9
2040,22803 ,1031,7
2041,15584 ,1037,8
2042,18673 ,943,2
2043,9657 ,984,4
2044,8278 ,1014,6
2045,6480 ,1091,10
2046,27288 ,1038,8
2047,12011 ,1043,8
2048,7619 ,993,5
2049,12258 ,980,4
2050,9381 ,936,2
2060,15135 ,962,3
2061,6158 ,934,2
2062,7088 ,1033,7
2063,6493 ,1125,10
2064,9417 ,982,4
2065,31698 ,1005,6
2066,33844 ,1066,9
2067,27078 ,972,4
2068,17450 ,1099,10
2069,14604 ,1119,10
2070,14648 ,1098,10
2071,13510 ,1099,10
2072,8795 ,1051,8
2073,17221 ,1139,10
2074,23423 ,1125,10
2075,21665 ,1130,10
2076,25340 ,1120,10
2077,42819 ,1005,6
2079,7816 ,1103,10
2080,1766 ,1122,10
2081,5394 ,1121,10
2082,5458 ,1118,10
2083,1665 ,1048,8
2084,3759 ,1137,10
2085,11452 ,1149,10
2086,14214 ,1146,10
2087,13161 ,1118,10
2088,28329 ,1065,9
2089,11491 ,982,4
2090,13533 ,1011,6
2092,7384 ,1161,10
2093,23555 ,1098,10
2094,6141 ,1063,9
2095,16296 ,1004,6
2096,14955 ,1071,9
2097,15991 ,1110,10
2099,42917 ,1030,7
2100,21973 ,1103,10
2101,19885 ,1069,9
2102,8379 ,1123,10
2103,10877 ,1071,9
2104,3807 ,1088,10
2105,2008 ,1118,10
2106,9659 ,1097,10
2107,15422 ,1127,10
2108,1740 ,1103,10
2110,9846 ,1105,10
2111,15456 ,1051,8
2112,38026 ,1017,6
2113,27637 ,989,5
2114,25267 ,1003,6
2115,12686 ,998,5
2116,7274 ,984,4
2117,22185 ,1010,6
2118,27888 ,1036,8
2119,12458 ,1122,10
2120,20988 ,1096,10
2121,34209 ,1026,7
2122,31187 ,994,5
2125,16620 ,1150,10
2126,19082 ,1134,10
2127,23198 ,968,3
2128,3600 ,974,4
2130,7288 ,976,4
2131,23012 ,924,1
2132,10755 ,1018,7
2133,10929 ,1013,6
2134,18224 ,863,1
2135,25915 ,960,3
2136,7763 ,1000,5
2137,27726 ,1037,8
2138,19686 ,987,5
2140,20766 ,908,1
2141,32425 ,947,2
2142,27993 ,878,1
2143,9774 ,940,2
2144,39333 ,863,1
2145,87531 ,985,4
2146,19456 ,1001,5
2147,37285 ,1001,5
2148,67483 ,964,3
2150,35254 ,873,1
2151,21204 ,995,5
2152,11261 ,1011,6
2153,62610 ,1098,10
2154,40874 ,1100,10
2155,75699 ,1148,10
2156,13403 ,1150,10
2157,4042 ,1133,10
2158,8937 ,1119,10
2159,5148 ,1126,10
2160,39388 ,917,1
2161,34379 ,903,1
2162,20306 ,925,1
2163,10544 ,838,1
2164,21273 ,950,2
2165,45046 ,899,1
2166,54184 ,896,1
2167,10536 ,1007,6
2168,45023 ,925,1
2170,114479 ,959,3
2171,38882 ,1090,10
2172,2892 ,1160,10
2173,14544 ,1068,9
2174,12080 ,1110,10
2175,1790 ,1087,10
2176,50022 ,1004,6
2177,17154 ,972,4
2178,4170 ,1080,9
2179,16262 ,1087,10
2190,27559 ,953,3
2191,6555 ,992,5
2192,13781 ,926,1
2193,17778 ,991,5
2194,26132 ,884,1
2195,27103 ,843,1
2196,33743 ,944,2
2197,10121 ,958,3
2198,9843 ,1032,7
2199,19651 ,939,2
2200,48003 ,909,1
2203,13946 ,970,3
2204,26567 ,966,3
2205,25338 ,936,2
2206,19730 ,1041,8
2207,28382 ,1011,6
2208,12881 ,1016,6
2209,15825 ,971,3
2210,33262 ,987,5
2211,17610 ,1015,6
2212,17184 ,1000,5
2213,23290 ,1043,8
2214,4074 ,1088,10
2216,28027 ,942,2
2217,28673 ,972,4
2218,16182 ,961,3
2219,13771 ,1013,6
2220,33761 ,933,2
2221,17065 ,1071,9
2222,12660 ,985,4
2223,21403 ,1050,8
2224,14559 ,1074,9
2225,5560 ,1148,10
2226,13054 ,1089,10
2227,15364 ,1085,10
2228,21001 ,1025,7
2229,30943 ,1077,9
2230,30690 ,1054,9
2231,2528 ,1084,10
2232,35304 ,1047,8
2233,29960 ,1102,10
2234,30648 ,1133,10
2250,71168 ,1006,6
2251,33721 ,1058,9
2256,16039 ,945,2
2257,30403 ,986,4
2258,5253 ,1059,9
2259,66236 ,1013,6
2260,25845 ,1086,10
2261,55129 ,994,5
2262,21411 ,973,4
2263,24554 ,935,2
2264,16162 ,989,5
2265,7464 ,1031,7
2267,2920 ,1004,6
2278,2565 ,1046,8
2280,27183 ,1016,6
2281,15323 ,1007,6
2282,16146 ,1052,8
2283,24419 ,994,5
2284,12612 ,999,5
2285,33869 ,1022,7
2286,4690 ,1017,6
2287,40845 ,997,5
2289,20257 ,1035,8
2290,34912 ,1011,6
2291,14279 ,1043,8
2292,2622 ,949,2
2293,3302 ,981,4
2294,2061 ,946,2
2295,8091 ,1005,6
2296,2026 ,931,2
2297,1801 ,992,5
2298,10141 ,933,2
2299,11905 ,918,1
2300,12058 ,946,2
2302,1411 ,926,1
2303,9710 ,953,2
2304,15807 ,942,2
2305,13108 ,1025,7
2306,3421 ,718,1
2307,4537 ,929,2
2311,913 ,1018,7
2312,1500 ,1013,6
2315,15287 ,998,5
2316,6577 ,1018,7
2317,6553 ,989,5
2318,13667 ,1054,9
2319,6887 ,968,3
2320,39163 ,1025,7
2321,19857 ,1054,9
2322,24373 ,1017,6
2323,26051 ,986,5
2324,25443 ,972,4
2325,31073 ,965,3
2326,7871 ,971,3
2327,7830 ,929,2
2328,2506 ,1010,6
2329,2138 ,974,4
2330,21445 ,1018,7
2331,581 ,1052,8
2333,13795 ,964,3
2334,3349 ,1028,7
2335,8124 ,1070,9
2336,2589 ,1002,5
2337,8060 ,1011,6
2338,1403 ,962,3
2339,718 ,998,5
2340,52436 ,975,4
2341,1478 ,892,1
2342,465 ,1058,9
2343,4858 ,956,3
2344,674 ,1094,10
2345,707 ,1043,8
2346,3033 ,950,2
2347,1865 ,938,2
2350,26911 ,959,3
2352,2950 ,999,5
2353,1201 ,1001,5
2354,3484 ,1004,6
2355,627 ,983,4
2356,124 ,926,1
2357,4069 ,943,2
2358,3727 ,977,4
2359,710 ,979,4
2360,14995 ,952,2
2361,927 ,918,1
2365,3762 ,976,4
2369,871 ,909,1
2370,7785 ,927,2
2371,1158 ,933,2
2372,4789 ,943,2
2379,291 ,1034,7
2380,11118 ,986,5
2381,1302 ,992,5
2382,1381 ,975,4
2386,293 ,1034,7
2387,201 ,1010,6
2388,2554 ,949,2
2390,8540 ,985,4
2395,725 ,917,1
2396,834 ,942,2
2397,286 ,985,4
2398,248 ,1073,9
2399,623 ,1020,7
2400,9708 ,951,2
2401,299 ,1055,9
2402,1745 ,950,2
2403,719 ,985,4
2404,1676 ,949,2
2405,500 ,973,4
2406,705 ,931,2
2408,310 ,1052,8
2409,1072 ,831,1
2410,240 ,982,4
2411,104 ,1053,8
2415,429 ,1016,6
2420,4016 ,1001,5
2421,2069 ,1091,10
2422,5608 ,969,3
2423,3297 ,974,4
2424,480 ,962,3
2425,2018 ,1016,6
2426,850 ,982,4
2427,3463 ,961,3
2428,25187 ,954,3
2429,9650 ,971,3
2430,36841 ,953,3
2431,5628 ,970,3
2439,4031 ,1025,7
2440,23166 ,935,2
2441,4288 ,988,5
2443,8739 ,950,2
2444,51117 ,985,4
2445,7350 ,1031,7
2446,15054 ,1004,6
2447,7809 ,970,3
2448,9618 ,931,2
2449,2165 ,921,1
2450,47335 ,985,4
2452,15260 ,958,3
2453,2787 ,971,3
2454,7953 ,993,5
2455,3185 ,952,2
2456,17141 ,997,5
2460,31079 ,954,3
2462,2529 ,956,3
2463,8304 ,996,5
2464,7058 ,980,4
2465,346 ,934,2
2466,1765 ,913,1
2469,4359 ,942,2
2470,15477 ,956,3
2471,2821 ,1006,6
2472,1987 ,976,4
2473,3203 ,941,2
2474,6492 ,951,2
2475,399 ,912,1
2476,847 ,964,3
2477,12899 ,1019,7
2478,32053 ,1005,6
2479,5780 ,1080,9
2480,45938 ,972,3
2481,13659 ,1003,6
2482,6967 ,987,5
2483,11616 ,1000,5
2484,20083 ,988,5
2485,15349 ,937,2
2486,32838 ,997,5
2487,15090 ,1028,7
2488,3523 ,1005,6
2489,7894 ,1037,8
2490,690 ,1070,9
2500,43472 ,933,2
2502,12551 ,900,1
2505,5088 ,944,2
2506,7798 ,920,1
2508,9346 ,1104,10
2515,11745 ,1089,10
2516,6798 ,1065,9
2517,13959 ,1018,7
2518,19864 ,953,3
2519,17227 ,996,5
2525,12335 ,1056,9
2526,16736 ,1034,7
2527,26072 ,1045,8
2528,23735 ,935,2
2529,29134 ,1046,8
2530,35038 ,1019,7
2533,17177 ,1062,9
2534,5767 ,1062,9
2535,7993 ,1039,8
2536,19333 ,975,4
2537,12981 ,998,5
2538,2580 ,1040,8
2539,20305 ,993,5
2540,48267 ,1005,6
2541,28038 ,942,2
2545,1117 ,1000,5
2546,10066 ,976,4
2548,8419 ,991,5
2549,4101 ,1019,7
2550,16936 ,989,5
2551,3718 ,935,2
2555,168 ,1033,7
2556,2433 ,1075,9
2557,20103 ,1106,10
2558,11099 ,1018,7
2559,2991 ,807,1
2560,82543 ,974,4
2563,276 ,1004,6
2564,14198 ,898,1
2565,31588 ,1043,8
2566,27796 ,993,5
2567,40951 ,1104,10
2568,1252 ,1085,10
2569,1386 ,1104,10
2570,63663 ,1093,10
2571,13174 ,1115,10
2572,5484 ,1053,8
2573,5777 ,1015,6
2574,5934 ,1061,9
2575,17846 ,1051,8
2576,14189 ,1064,9
2577,16724 ,1054,9
2578,2846 ,1033,7
2579,4646 ,1058,9
2580,31629 ,985,4
2581,2507 ,1092,10
2582,13693 ,1084,10
2583,4604 ,1009,6
2584,550 ,1042,8
2585,235 ,1008,6
2586,2871 ,996,5
2587,2932 ,971,3
2588,299 ,1041,8
2590,7153 ,949,2
2594,12150 ,966,3
2600,8255 ,1073,9
2601,7680 ,917,1
2602,34540 ,1001,5
2603,10306 ,1074,9
2604,13034 ,997,5
2605,12488 ,1076,9
2606,12071 ,985,4
2607,14717 ,1058,9
2609,1136 ,877,1
2611,36535 ,1066,9
2612,18965 ,973,4
2614,20595 ,1030,7
2615,47356 ,1034,7
2617,38073 ,1003,6
2618,1397 ,1131,10
2619,9601 ,1143,10
2620,45604 ,1039,8
2621,6688 ,1135,10
2622,4141 ,1031,7
2623,611 ,990,5
2625,400 ,922,1
2626,515 ,1086,10
2627,5263 ,1022,7
2628,2176 ,1019,7
2629,534 ,1014,6
2630,8876 ,993,5
2631,629 ,992,5
2632,1892 ,974,4
2633,321 ,960,3
2640,39879 ,984,4
2641,16550 ,912,1
2642,5476 ,1051,8
2643,2997 ,990,5
2644,2442 ,995,5
2645,339 ,935,2
2646,6841 ,967,3
2647,2557 ,995,5
2648,2671 ,962,3
2649,30 ,1059,9
2650,61511 ,984,4
2651,3081 ,1000,5
2652,4757 ,1053,8
2653,2636 ,989,5
2655,1416 ,1013,6
2656,1327 ,981,4
2658,1488 ,978,4
2659,871 ,982,4
2660,1607 ,979,4
2661,395 ,1101,10
2663,5281 ,951,2
2665,2017 ,974,4
2666,5636 ,980,4
2668,404 ,983,4
2669,1539 ,1008,6
2671,3969 ,998,5
2672,1511 ,933,2
2675,1659 ,973,4
2680,25339 ,983,4
2681,1793 ,1017,6
2700,4873 ,942,2
2701,2492 ,1024,7
2702,793 ,987,5
2703,744 ,1009,6
2705,10687 ,976,4
2706,1030 ,950,2
2707,1167 ,1025,7
2710,9743 ,973,4
2711,3197 ,957,3
2712,1375 ,961,3
2713,2746 ,973,4
2714,2921 ,972,3
2715,1382 ,955,3
2716,988 ,968,3
2717,1205 ,923,1
2720,8501 ,967,3
2721,230 ,1030,7
2722,3418 ,981,4
2725,347 ,976,4
2726,255 ,1044,8
2727,348 ,1071,9
2729,1622 ,1002,6
2730,1335 ,945,2
2731,7446 ,1022,7
2732,1877 ,970,3
2733,598 ,959,3
2734,472 ,1074,9
2735,408 ,1031,7
2736,419 ,925,1
2737,822 ,991,5
2738,2132 ,1057,9
2739,1414 ,987,5
2745,31847 ,1108,10
2747,54397 ,1016,6
2748,1798 ,1101,10
2749,17029 ,1034,7
2750,49204 ,976,4
2752,5747 ,1120,10
2753,17587 ,1034,7
2754,7065 ,1046,8
2756,35328 ,1059,9
2757,850 ,1086,10
2758,8848 ,1126,10
2759,26434 ,1048,8
2760,37632 ,950,2
2761,34702 ,1043,8
2762,21780 ,1114,10
2763,33197 ,1057,9
2765,45613 ,1125,10
2766,17047 ,996,5
2767,23384 ,999,5
2768,28864 ,1134,10
2769,16315 ,1171,10
2770,61494 ,883,1
2773,5978 ,1110,10
2774,13010 ,1068,9
2775,1518 ,989,5
2776,4156 ,1078,9
2777,17816 ,1067,9
2778,2425 ,1056,9
2779,5077 ,1033,7
2780,13348 ,960,3
2782,6428 ,1027,7
2783,2651 ,1007,6
2784,1300 ,1052,8
2785,4822 ,992,5
2786,1178 ,983,4
2787,4605 ,991,5
2790,15452 ,953,3
2791,322 ,1050,8
2792,386 ,1037,8
2793,1074 ,973,4
2794,10504 ,941,2
2795,45077 ,1001,5
2797,434 ,1004,6
2798,2193 ,1096,10
2799,4156 ,983,4
2800,48283 ,1006,6
2803,286 ,1048,8
2804,2832 ,992,5
2805,408 ,987,5
2806,862 ,1002,6
2807,450 ,943,2
2808,216 ,983,4
2809,202 ,1009,6
2810,3132 ,973,4
2817,359 ,1048,8
2818,849 ,1030,7
2820,7378 ,939,2
2821,4778 ,982,4
2822,433 ,1030,7
2823,1340 ,961,3
2824,2055 ,949,2
2825,2202 ,978,4
2826,178 ,1077,9
2827,3678 ,940,2
2828,798 ,939,2
2829,2965 ,918,1
2830,44963 ,994,5
2831,1845 ,1048,8
2832,2149 ,924,1
2833,634 ,844,1
2834,1984 ,856,1
2835,3793 ,976,4
2836,895 ,816,1
2838,223 ,736,1
2839,1079 ,791,1
2840,2389 ,949,2
2842,720 ,947,2
2843,1262 ,983,4
2844,1312 ,969,3
2845,2019 ,981,4
2846,253 ,977,4
2847,2447 ,963,3
2848,1540 ,851,1
2849,1610 ,989,5
2850,19146 ,1015,6
2852,3734 ,998,5
2864,824 ,1037,8
2865,927 ,1016,6
2866,3112 ,1019,7
2867,636 ,1038,8
2868,579 ,977,4
2869,1528 ,930,2
2870,12036 ,964,3
2871,8965 ,974,4
2873,560 ,1006,6
2874,369 ,957,3
2875,802 ,1005,6
2876,494 ,1023,7
2877,3575 ,948,2
2878,286 ,922,1
2879,577 ,889,1
2880,18097 ,923,1
2898,445 ,977,4
2899,2188 ,974,4
2900,4177 ,956,3
2902,15670 ,1038,8
2903,9588 ,1045,8
2904,13196 ,1088,10
2905,28731 ,1045,8
2906,18107 ,1062,9
2911,4804 ,1100,10
2912,8604 ,982,4
2913,39396 ,1053,8
2914,34576 ,1079,9
3000,43084 ,749,1
3002,4896 ,980,4
3003,8025 ,882,1
3004,11482 ,933,2
3006,22699 ,868,1
3008,15495 ,875,1
3011,22278 ,921,1
3012,27023 ,965,3
3013,15636 ,1035,8
3015,18634 ,1046,8
3016,16025 ,1040,8
3018,13556 ,1007,6
3019,9682 ,885,1
3020,44372 ,927,2
3021,55112 ,904,1
3022,3170 ,911,1
3023,67146 ,1018,7
3024,34004 ,1021,7
3025,12962 ,962,3
3026,8770 ,1046,8
3027,9448 ,1066,9
3028,28191 ,973,4
3029,129888 ,1023,7
3030,119201 ,1028,7
3031,17772 ,908,1
3032,29874 ,987,5
3033,15078 ,1037,8
3034,12388 ,1016,6
3036,5974 ,1080,9
3037,51402 ,1041,8
3038,26703 ,1042,8
3039,16224 ,998,5
3040,26722 ,1027,7
3041,13111 ,1053,8
3042,16763 ,1013,6
3043,17912 ,994,5
3044,28701 ,1009,6
3045,64 ,988,5
3046,36772 ,958,3
3047,21478 ,870,1
3048,18081 ,912,1
3049,9812 ,1010,6
3051,14953 ,846,1
3052,7297 ,914,1
3053,16034 ,776,1
3054,8186 ,969,3
3055,14746 ,950,2
3056,24912 ,945,2
3057,13262 ,944,2
3058,34906 ,986,5
3059,21274 ,1093,10
3060,14274 ,936,2
3061,4977 ,915,1
3063,563 ,1087,10
3064,114413 ,1022,7
3065,10431 ,884,1
3066,9179 ,864,1
3067,9096 ,951,2
3068,19382 ,983,4
3070,25276 ,1002,6
3071,19005 ,974,4
3072,33790 ,959,3
3073,51096 ,947,2
3074,20234 ,936,2
3075,23219 ,962,3
3076,33489 ,991,5
3078,12237 ,1012,6
3079,17055 ,1050,8
3081,14003 ,917,1
3082,28712 ,1010,6
3083,31529 ,988,5
3084,27045 ,1048,8
3085,14050 ,1038,8
3087,9156 ,1019,7
3088,27181 ,1054,9
3089,12503 ,1104,10
3090,2575 ,1168,10
3091,1602 ,1142,10
3093,3962 ,1087,10
3094,9250 ,1058,9
3095,28373 ,1110,10
3096,1911 ,1103,10
3097,1536 ,1147,10
3099,4993 ,1084,10
3101,24499 ,1058,9
3102,6620 ,1065,9
3103,15621 ,1039,8
3104,21302 ,1078,9
3105,11124 ,1037,8
3106,16966 ,1094,10
3107,14164 ,1057,9
3108,25054 ,1006,6
3109,30926 ,1043,8
3111,12644 ,1081,9
3113,8562 ,1133,10
3114,3835 ,1162,10
3115,3843 ,1152,10
3116,11779 ,1074,9
3121,31534 ,941,2
3122,22322 ,988,5
3123,14834 ,1015,6
3124,21965 ,1067,9
3125,15147 ,967,3
3126,7773 ,1087,10
3127,18608 ,1071,9
3128,22841 ,928,2
3129,17946 ,1015,6
3130,33044 ,1034,7
3131,23191 ,1006,6
3132,16795 ,1028,7
3133,22951 ,1064,9
3134,34607 ,1035,8
3135,20698 ,1029,7
3136,46296 ,1029,7
3137,14558 ,1027,7
3138,23059 ,1045,8
3139,14257 ,1066,9
3140,17348 ,1042,8
3141,25028 ,917,1
3142,12817 ,1035,7
3143,9376 ,986,5
3144,10763 ,1057,9
3145,23594 ,1042,8
3146,26131 ,1072,9
3147,15102 ,1038,8
3148,9552 ,988,5
3149,35340 ,1046,8
3150,63298 ,1047,8
3151,10675 ,1009,6
3152,34940 ,1054,9
3153,21276 ,994,5
3154,4500 ,1062,9
3155,23660 ,992,5
3156,38484 ,1047,8
3158,6818 ,1077,9
3159,2593 ,1092,10
3160,9024 ,1073,9
3161,16903 ,1022,7
3162,18075 ,1056,9
3163,32810 ,984,4
3165,30159 ,1056,9
3166,24753 ,999,5
3167,9851 ,1028,7
3168,21880 ,879,1
3169,20820 ,961,3
3170,19889 ,1036,8
3171,22174 ,914,1
3172,23261 ,1000,5
3173,30018 ,1048,8
3174,39693 ,922,1
3175,53545 ,912,1
3177,11889 ,886,1
3178,33571 ,1080,9
3179,6066 ,1041,8
3180,7645 ,1030,7
3181,19636 ,938,2
3182,22438 ,913,1
3183,17964 ,957,3
3184,15153 ,977,4
3185,13433 ,1008,6
3186,23252 ,1074,9
3187,16757 ,1088,10
3188,18587 ,1058,9
3189,6287 ,1027,7
3190,12007 ,1034,7
3191,10926 ,1060,9
3192,24129 ,1023,7
3193,20207 ,1100,10
3194,13221 ,1016,6
3195,37364 ,1065,9
3196,26876 ,1015,6
3197,12032 ,1035,8
3198,17215 ,970,3
3199,56127 ,989,5
3200,5711 ,865,1
3201,21976 ,991,5
3202,2826 ,1053,8
3204,33130 ,1039,8
3205,11548 ,928,2
3206,10043 ,1031,7
3207,17633 ,988,5
3211,1353 ,1053,8
3212,19272 ,1040,8
3213,4753 ,1072,9
3214,24500 ,856,1
3215,21994 ,964,3
3216,60123 ,1012,6
3217,20499 ,1063,9
3218,14942 ,981,4
3219,20309 ,927,2
3220,17270 ,1003,6
3221,801 ,1117,10
3222,18576 ,1028,7
3223,9536 ,993,5
3224,15101 ,1028,7
3225,5408 ,1036,8
3226,17714 ,1056,9
3227,5459 ,1084,10
3228,24181 ,1086,10
3230,3208 ,1039,8
3231,1571 ,1059,9
3232,1327 ,1014,6
3233,2363 ,972,3
3234,237 ,1056,9
3235,515 ,1068,9
3236,257 ,999,5
3237,276 ,989,5
3238,251 ,995,5
3239,491 ,998,5
3240,2169 ,1112,10
3241,3072 ,1033,7
3242,942 ,1042,8
3243,392 ,1050,8
3249,3368 ,1047,8
3250,12756 ,958,3
3251,524 ,1018,7
3254,358 ,1009,6
3260,4801 ,988,5
3264,2254 ,959,3
3265,2827 ,1051,8
3266,3047 ,1011,6
3267,214 ,1033,7
3268,2552 ,1043,8
3269,676 ,1037,8
3270,322 ,1027,7
3271,188 ,1041,8
3272,1641 ,969,3
3273,130 ,1084,10
3274,256 ,1020,7
3275,490 ,1082,10
3276,437 ,1027,7
3277,1820 ,1049,8
3278,343 ,1054,8
3279,300 ,1057,9
3280,33298 ,976,4
3281,1857 ,1107,10
3282,2488 ,1034,7
3283,1423 ,1072,9
3284,3860 ,1014,6
3285,1255 ,1062,9
3286,532 ,1013,6
3287,418 ,1063,9
3289,804 ,979,4
3292,191 ,1000,5
3293,336 ,980,4
3294,967 ,1013,6
3300,10479 ,967,3
3301,1267 ,1075,9
3302,356 ,1054,9
3303,282 ,1024,7
3304,2786 ,967,3
3305,13344 ,962,3
3309,122 ,1011,6
3310,263 ,981,4
3311,1707 ,934,2
3312,1023 ,1041,8
3314,569 ,1039,8
3315,1686 ,996,5
3317,184 ,1025,7
3318,1243 ,977,4
3319,410 ,1013,6
3321,1780 ,1104,10
3322,176 ,1024,7
3323,91 ,1008,6
3324,577 ,959,3
3325,456 ,980,4
3328,2308 ,1104,10
3329,309 ,1047,8
3330,208 ,1009,6
3331,7202 ,1088,10
3332,1181 ,1070,9
3333,864 ,1031,7
3334,544 ,1013,6
3335,6195 ,1034,7
3336,17737 ,1098,10
3337,40724 ,982,4
3338,37062 ,997,5
3340,25614 ,1032,7
3341,1644 ,1076,9
3342,3946 ,1030,7
3345,1393 ,1063,9
3350,66022 ,976,4
3351,9106 ,1054,9
3352,18922 ,1061,9
3355,13059 ,885,1
3356,15601 ,909,1
3357,3797 ,1050,8
3358,3440 ,1052,8
3360,803 ,970,3
3361,695 ,950,2
3363,3598 ,973,4
3364,2272 ,1043,8
3370,1900 ,954,3
3371,1090 ,961,3
3373,2453 ,972,4
3374,425 ,1001,5
3375,236 ,1018,7
3377,9602 ,949,2
3378,140 ,1062,9
3379,749 ,1017,6
3380,6220 ,937,2
3381,1401 ,1003,6
3384,608 ,1024,7
3385,541 ,1046,8
3387,289 ,1041,8
3388,567 ,970,3
3390,957 ,952,2
3391,181 ,1028,7
3392,584 ,952,2
3393,2614 ,946,2
3395,350 ,971,3
3396,694 ,982,4
3400,15134 ,940,2
3401,4596 ,1082,10
3407,416 ,1031,7
3409,987 ,1006,6
3412,295 ,957,3
3413,196 ,1079,9
3414,1719 ,941,2
3415,36 ,1090,10
3418,2875 ,975,4
3419,891 ,983,4
3420,283 ,1048,8
3423,476 ,924,1
3424,750 ,976,4
3427,5669 ,1046,8
3428,668 ,1069,9
3429,39093 ,1042,8
3430,303 ,1058,9
3431,4390 ,1091,10
3432,185 ,1058,9
3433,207 ,1096,10
3434,6143 ,1075,9
3435,3228 ,1067,9
3437,11715 ,1100,10
3438,2509 ,1093,10
3440,2073 ,1106,10
3441,1450 ,1128,10
3442,8586 ,1073,9
3444,10066 ,1033,7
3446,1101 ,1045,8
3447,524 ,1042,8
3448,981 ,1049,8
3450,7588 ,948,2
3451,5819 ,1025,7
3453,1852 ,1050,8
3458,2330 ,1049,8
3460,2799 ,967,3
3461,4614 ,1022,7
3462,1230 ,997,5
3463,2588 ,991,5
3464,1192 ,985,4
3465,10111 ,913,1
3467,1356 ,937,2
3468,267 ,982,4
3469,269 ,987,5
3472,1492 ,919,1
3475,373 ,960,3
3477,817 ,1010,6
3478,2584 ,940,2
3480,1805 ,953,2
3482,207 ,1030,7
3483,882 ,981,4
3485,291 ,927,2
3487,82 ,962,3
3488,89 ,967,3
3489,62 ,981,4
3490,1292 ,955,3
3491,149 ,979,4
3494,641 ,943,2
3496,6464 ,963,3
3498,5977 ,1025,7
3500,34565 ,923,1
3501,2146 ,1086,10
3505,5010 ,987,5
3506,33 ,1085,10
3507,171 ,1016,6
3509,228 ,1014,6
3512,369 ,1008,6
3515,2516 ,1077,9
3516,722 ,1026,7
3517,1497 ,953,2
3518,1321 ,930,2
3520,156 ,889,1
3521,772 ,1045,8
3522,338 ,1026,7
3523,3965 ,967,3
3525,1369 ,965,3
3527,741 ,959,3
3529,117 ,995,5
3530,114 ,995,5
3531,194 ,999,5
3533,744 ,951,2
3537,1094 ,978,4
3540,263 ,952,2
3542,139 ,1016,6
3544,252 ,995,5
3546,346 ,989,5
3549,4017 ,897,1
3550,41839 ,936,2
3551,35614 ,1069,9
3555,21043 ,948,2
3556,14088 ,946,2
3557,853 ,1040,8
3558,971 ,947,2
3559,563 ,1030,7
3561,4498 ,985,4
3562,257 ,1053,8
3563,850 ,984,4
3564,17080 ,985,4
3565,134 ,1057,9
3566,578 ,976,4
3567,665 ,970,3
3568,2947 ,973,4
3570,837 ,1020,7
3571,305 ,1041,8
3572,137 ,1051,8
3573,340 ,1016,6
3575,842 ,923,1
3576,60 ,1006,6
3579,5450 ,956,3
3580,1101 ,963,3
3581,147 ,1072,9
3583,162 ,1026,7
3584,1138 ,1019,7
3585,11508 ,950,2
3586,799 ,1051,8
3588,404 ,994,5
3589,359 ,1051,8
3590,337 ,1028,7
3591,163 ,1029,7
3594,536 ,914,1
3595,673 ,897,1
3596,103 ,999,5
3597,458 ,960,3
3599,154 ,977,4
3607,160 ,1047,8
3608,2825 ,978,4
3610,1600 ,977,4
3612,1801 ,943,2
3614,927 ,1065,9
3616,5605 ,991,5
3617,161 ,1017,6
3618,679 ,933,2
3620,8340 ,970,3
3621,2437 ,971,3
3622,537 ,1042,8
3623,890 ,956,3
3624,563 ,953,2
3629,9536 ,925,1
3630,32151 ,916,1
3631,14605 ,1064,9
3633,620 ,1041,8
3634,1888 ,1045,8
3635,552 ,1009,6
3636,5375 ,964,3
3637,642 ,1035,7
3638,2199 ,975,4
3639,479 ,966,3
3640,1025 ,1012,6
3641,1266 ,1006,6
3644,9390 ,959,3
3646,601 ,1006,6
3647,51 ,1040,8
3649,478 ,996,5
3658,6251 ,1017,6
3659,748 ,1035,7
3660,7842 ,937,2
3662,1108 ,1022,7
3663,183 ,1067,9
3664,1139 ,1027,7
3665,397 ,1027,7
3666,5142 ,973,4
3669,1475 ,982,4
3670,596 ,1039,8
3672,10822 ,950,2
3673,1818 ,1050,8
3675,1936 ,1057,9
3677,19214 ,951,2
3678,6568 ,1068,9
3682,645 ,1044,8
3683,1748 ,1006,6
3685,2935 ,1000,5
3687,1061 ,1001,5
3688,1334 ,1066,9
3690,35051 ,957,3
3691,12771 ,1086,10
3695,488 ,1099,10
3697,568 ,1027,7
3698,1012 ,1019,7
3699,1242 ,938,2
3700,1403 ,978,4
3701,1101 ,1027,7
3704,26 ,1037,8
3705,254 ,1037,8
3707,1871 ,975,4
3708,66 ,1037,8
3709,307 ,1006,6
3711,591 ,1020,7
3712,354 ,970,3
3713,1023 ,931,2
3714,3749 ,983,4
3715,371 ,1032,7
3717,3544 ,994,5
3718,91 ,1012,6
3719,420 ,1043,8
3720,666 ,1017,7
3722,5815 ,1020,7
3723,3727 ,1015,6
3725,645 ,1028,7
3726,411 ,1023,7
3727,303 ,1015,6
3728,687 ,967,3
3730,9719 ,984,4
3732,608 ,1018,7
3733,220 ,992,5
3735,638 ,1022,7
3737,4426 ,989,5
3738,197 ,993,5
3739,239 ,993,5
3740,1183 ,1042,8
3741,3426 ,1002,6
3744,522 ,1052,8
3746,382 ,1017,6
3747,5054 ,1016,6
3749,2123 ,1044,8
3750,24407 ,1051,8
3751,150 ,1041,8
3752,24989 ,1055,9
3753,4642 ,1103,10
3754,50494 ,1062,9
3755,246 ,1097,10
3756,15931 ,1051,8
3757,9735 ,1053,8
3758,2281 ,1088,10
3759,1063 ,1130,10
3760,356 ,1154,10
3761,1186 ,1104,10
3762,117 ,1126,10
3763,1662 ,1051,8
3764,10578 ,1032,7
3765,6900 ,1080,9
3766,1277 ,1089,10
3767,1271 ,1087,10
3770,3306 ,1091,10
3775,4080 ,1087,10
3777,10922 ,1026,7
3778,201 ,1055,9
3779,501 ,984,4
3781,4638 ,1064,9
3782,7974 ,1090,10
3783,2559 ,1071,9
3785,69 ,1091,10
3786,1524 ,1108,10
3787,961 ,1089,10
3788,1773 ,1071,9
3789,294 ,1087,10
3791,1418 ,1076,9
3792,1046 ,1095,10
3793,3651 ,1043,8
3795,1323 ,1088,10
3796,9799 ,1075,9
3797,3764 ,1008,6
3799,5951 ,976,4
3802,24455 ,1023,7
3803,11355 ,978,4
3804,8466 ,1141,10
3805,58600 ,1035,8
3806,51308 ,1067,9
3807,7655 ,1098,10
3808,3147 ,1138,10
3809,19662 ,1065,9
3810,55588 ,1009,6
3812,2488 ,1074,9
3813,963 ,1059,9
3814,2604 ,1062,9
3815,3693 ,1074,9
3816,3227 ,1011,6
3818,17313 ,1019,7
3820,20054 ,1013,6
3821,3142 ,1083,10
3822,1001 ,1063,9
3823,2117 ,1019,7
3824,5438 ,1013,6
3825,21078 ,913,1
3831,2012 ,1024,7
3832,245 ,1012,6
3833,340 ,979,4
3835,475 ,1021,7
3840,17225 ,895,1
3842,4924 ,907,1
3844,31179 ,982,4
3847,2278 ,991,5
3850,15472 ,962,3
3851,6231 ,1016,6
3854,1478 ,1064,9
3856,1085 ,1050,8
3857,389 ,1048,8
3858,3125 ,994,5
3859,945 ,1024,7
3860,7455 ,986,5
3862,3547 ,1025,7
3864,241 ,999,5
3865,527 ,998,5
3869,1738 ,1042,8
3870,1319 ,996,5
3871,3039 ,1003,6
3873,324 ,1023,7
3874,610 ,985,4
3875,20015 ,974,4
3878,1306 ,1011,6
3880,4235 ,970,3
3882,1322 ,1036,8
3885,1876 ,990,5
3886,415 ,979,4
3887,268 ,977,4
3888,3502 ,930,2
3889,171 ,961,3
3890,335 ,872,1
3891,121 ,1024,7
3892,1183 ,966,3
3893,25 ,988,5
3895,198 ,989,5
3896,351 ,999,5
3898,705 ,989,5
3900,173 ,985,4
3902,423 ,993,5
3903,861 ,985,4
3904,1899 ,1016,6
3909,8713 ,943,2
3910,23588 ,1050,8
3911,3514 ,1074,9
3912,15633 ,1063,9
3913,3449 ,1065,9
3915,10723 ,958,3
3916,1036 ,1094,10
3918,4276 ,1054,9
3919,3343 ,1001,5
3920,1124 ,1016,6
3921,139 ,951,2
3922,10118 ,984,4
3923,836 ,1050,8
3925,4550 ,1023,7
3926,3421 ,1081,9
3927,1857 ,1085,10
3928,453 ,1106,10
3929,1130 ,1086,10
3930,18734 ,1129,10
3931,25759 ,1013,6
3933,1004 ,1124,10
3934,19846 ,1090,10
3936,13366 ,1013,6
3937,1717 ,1102,10
3938,3311 ,1032,7
3939,15900 ,991,5
3940,5246 ,932,2
3941,13591 ,1013,6
3942,2786 ,1053,8
3943,2013 ,1055,9
3944,787 ,1099,10
3945,1092 ,1055,9
3946,303 ,1071,9
3950,5133 ,985,4
3951,1020 ,1077,9
3953,8194 ,1001,5
3954,366 ,1062,9
3956,3037 ,1011,6
3957,310 ,1049,8
3958,284 ,1099,10
3959,1223 ,1034,7
3960,2715 ,979,4
3962,954 ,962,3
3964,174 ,1004,6
3965,220 ,972,3
3966,544 ,997,5
3967,108 ,993,5
3971,4195 ,961,3
3975,18048 ,1078,9
3976,26082 ,963,3
3977,117143 ,1038,8
3978,43202 ,1086,10
3979,365 ,1081,9
3980,3571 ,1058,9
3981,5437 ,1047,8
3984,7374 ,1008,6
3987,1644 ,1073,9
3988,1094 ,1066,9
3990,118 ,1016,6
3991,405 ,1009,6
3992,1281 ,1031,7
3995,11596 ,963,3
3996,6649 ,1020,7
4000,20341 ,862,1
4005,17714 ,978,4
4006,24411 ,895,1
4007,15451 ,1012,6
4008,373 ,969,3
4009,11 ,966,3
4010,3446 ,954,3
4011,15813 ,1033,7
4012,23440 ,1003,6
4013,4876 ,991,5
4014,13190 ,1042,8
4017,37756 ,1025,7
4018,14097 ,975,4
4019,20576 ,940,2
4020,25603 ,985,4
4021,9745 ,942,2
4022,7538 ,968,3
4025,309 ,998,5
4030,18592 ,991,5
4031,14292 ,1018,7
4032,18389 ,936,2
4034,46741 ,1004,6
4035,27323 ,1107,10
4036,7000 ,1018,7
4037,7822 ,1135,10
4051,29574 ,1029,7
4053,47604 ,1020,7
4054,13986 ,1018,7
4055,22364 ,1095,10
4059,13740 ,935,2
4060,13450 ,1092,10
4061,17318 ,1096,10
4064,12191 ,1012,6
4065,10171 ,1114,10
4066,18609 ,974,4
4067,12220 ,926,1
4068,25676 ,998,5
4069,35527 ,1126,10
4070,12045 ,1111,10
4073,9293 ,1098,10
4074,24071 ,1075,9
4075,25506 ,1045,8
4076,8353 ,940,2
4077,35805 ,893,1
4078,26263 ,1004,6
4101,35246 ,914,1
4102,10823 ,905,1
4103,14995 ,948,2
4104,7062 ,1010,6
4105,13929 ,985,4
4106,1672 ,913,1
4107,6790 ,1010,6
4108,6188 ,937,2
4109,37703 ,982,4
4110,16461 ,1000,5
4111,1085 ,986,4
4112,8737 ,1049,8
4113,29524 ,1005,6
4114,29702 ,819,1
4115,20169 ,1047,8
4116,27459 ,1050,8
4117,2954 ,999,5
4118,31493 ,1008,6
4119,6809 ,1046,8
4120,10387 ,959,3
4121,26062 ,1054,9
4122,47147 ,996,5
4123,22857 ,1055,9
4124,23445 ,1057,9
4125,12893 ,1008,6
4127,27206 ,980,4
4128,16936 ,1062,9
4129,6764 ,1015,6
4130,9140 ,1103,10
4131,11781 ,901,1
4132,27070 ,922,1
4133,22472 ,970,3
4151,18132 ,1016,6
4152,47570 ,1059,9
4153,4498 ,1088,10
4154,11449 ,1142,10
4155,1475 ,1139,10
4156,3388 ,1132,10
4157,19771 ,1029,7
4158,3877 ,991,5
4159,14816 ,1053,8
4160,19044 ,1075,9
4161,16472 ,1026,7
4163,15850 ,1007,6
4164,19263 ,1088,10
4165,39491 ,1069,9
4169,15882 ,936,2
4170,28030 ,1038,8
4171,16886 ,1072,9
4172,4946 ,1039,8
4173,8463 ,1023,7
4174,2843 ,1049,8
4178,26887 ,1003,6
4179,20222 ,1040,8
4183,2156 ,973,4
4184,8481 ,879,1
4205,6333 ,922,1
4207,68477 ,980,4
4208,24342 ,1077,9
4209,74284 ,1026,7
4210,22605 ,1084,10
4211,62508 ,1033,7
4212,33470 ,1062,9
4213,31153 ,1083,10
4214,38871 ,1022,7
4215,55425 ,896,1
4216,39714 ,991,5
4217,45197 ,967,3
4218,35371 ,1007,6
4220,32574 ,1016,6
4221,28889 ,1023,7
4223,15156 ,1038,8
4224,7175 ,1002,5
4225,8374 ,944,2
4226,37266 ,1020,7
4227,23904 ,1015,6
4228,5585 ,1122,10
4270,4388 ,1100,10
4272,8105 ,1046,8
4275,3895 ,1077,9
4280,21258 ,1077,9
4285,21763 ,1013,6
4287,938 ,992,5
4300,68675 ,1018,7
4301,36527 ,948,2
4303,4173 ,850,1
4304,17815 ,919,1
4305,64356 ,944,2
4306,43997 ,1066,9
4307,1575 ,1046,8
4309,3366 ,1023,7
4310,6017 ,1006,6
4311,10412 ,986,4
4312,2590 ,968,3
4313,2316 ,976,4
4314,3255 ,936,2
4340,6007 ,970,3
4341,15952 ,1000,5
4342,2702 ,973,4
4343,12173 ,960,3
4344,2709 ,1021,7
4346,1013 ,1031,7
4347,1344 ,1011,6
4350,115218 ,960,3
4352,31026 ,1079,9
4353,348 ,1050,8
4354,1283 ,985,4
4355,2812 ,944,2
4356,5218 ,1002,5
4357,2531 ,947,2
4358,2967 ,1021,7
4359,1388 ,1029,7
4360,609 ,1011,6
4361,2654 ,971,3
4362,2613 ,993,5
4363,626 ,999,5
4364,182 ,1023,7
4365,596 ,942,2
4370,19195 ,959,3
4371,695 ,1007,6
4372,148 ,1058,9
4373,983 ,950,2
4374,402 ,981,4
4375,229 ,990,5
4376,351 ,931,2
4377,625 ,1017,6
4378,571 ,998,5
4380,8093 ,956,3
4381,692 ,1000,5
4382,462 ,1012,6
4383,607 ,870,1
4384,49 ,996,5
4385,1166 ,917,1
4387,1338 ,937,2
4388,348 ,931,2
4390,6719 ,994,5
4400,2159 ,1036,8
4401,5823 ,961,3
4402,297 ,912,1
4403,850 ,999,5
4404,474 ,1044,8
4405,14360 ,970,3
4406,1712 ,1042,8
4407,506 ,951,2
4408,538 ,997,5
4410,1156 ,943,2
4411,291 ,1019,7
4412,211 ,1028,7
4413,8675 ,977,4
4415,2166 ,939,2
4416,412 ,1027,7
4417,699 ,974,4
4418,86 ,1020,7
4419,1082 ,976,4
4420,1219 ,1010,6
4421,2178 ,861,1
4422,447 ,1013,6
4423,197 ,1022,7
4424,235 ,1011,6
4425,170 ,1041,8
4426,146 ,1065,9
4427,315 ,952,2
4428,627 ,1017,6
4454,730 ,1020,7
4455,8610 ,985,4
4461,38 ,1094,10
4462,128 ,1010,6
4465,1263 ,963,3
4467,157 ,1091,10
4468,260 ,983,4
4470,3184 ,935,2
4472,1408 ,977,4
4474,72 ,1085,10
4477,530 ,970,3
4478,500 ,973,4
4479,7 ,1081,9
4480,625 ,967,3
4481,118 ,1002,6
4482,110 ,884,1
4486,669 ,934,2
4487,3179 ,938,2
4488,247 ,1016,6
4489,78 ,1029,7
4490,1508 ,847,1
4491,94 ,896,1
4492,322 ,971,3
4493,19 ,1002,5
4494,160 ,1013,6
4496,208 ,981,4
4497,315 ,994,5
4498,188 ,1002,6
4500,45656 ,1035,8
4501,5905 ,926,1
4502,8722 ,1012,6
4503,52483 ,992,5
4504,20910 ,1077,9
4505,26144 ,1037,8
4506,25306 ,975,4
4507,20612 ,964,3
4508,19573 ,936,2
4509,37952 ,1042,8
4510,55940 ,960,3
4511,9929 ,1016,6
4512,3677 ,1085,10
4514,8605 ,1045,8
4515,4467 ,1002,5
4516,4290 ,1096,10
4517,941 ,1027,7
4518,5601 ,1053,8
4519,9477 ,1016,6
4520,13885 ,1145,10
4521,5174 ,1097,10
4550,4908 ,1032,7
4551,68286 ,1014,6
4552,9019 ,1017,6
4553,10748 ,1089,10
4554,2000 ,1058,9
4555,7723 ,1051,8
4556,47150 ,1044,8
4557,20161 ,1007,6
4558,23327 ,960,3
4559,7444 ,1050,8
4560,36706 ,1004,6
4561,8637 ,1060,9
4562,8793 ,1096,10
4563,9826 ,1037,8
4564,11659 ,1013,6
4565,15033 ,1009,6
4566,8716 ,1025,7
4567,11979 ,1041,8
4568,3736 ,1033,7
4569,1756 ,1000,5
4570,46427 ,974,4
4571,903 ,999,5
4572,4235 ,996,5
4573,31392 ,1040,8
4574,1432 ,1006,6
4575,28022 ,1019,7
4580,5219 ,936,2
4581,1415 ,959,3
4600,910 ,964,3
4601,1145 ,945,2
4605,4770 ,842,1
4606,2399 ,937,2
4608,920 ,972,3
4610,15212 ,961,3
4611,129 ,1014,6
4612,250 ,955,3
4613,886 ,906,1
4614,1226 ,914,1
4615,7356 ,929,2
4620,448 ,961,3
4621,1808 ,925,1
4625,2681 ,943,2
4626,1992 ,951,2
4627,848 ,932,2
4630,2337 ,960,3
4650,34942 ,930,2
4655,66789 ,969,3
4659,5358 ,946,2
4660,8048 ,959,3
4662,841 ,939,2
4670,84718 ,955,3
4671,6285 ,930,2
4673,669 ,964,3
4674,1579 ,934,2
4676,177 ,958,3
4677,4217 ,963,3
4678,818 ,994,5
4680,55339 ,977,4
4694,112 ,985,4
4695,1114 ,989,5
4697,143 ,965,3
4699,451 ,993,5
4700,17312 ,936,2
4701,43828 ,961,3
4702,29819 ,1012,6
4703,25129 ,1024,7
4704,126 ,1073,9
4705,405 ,1043,8
4706,72 ,1011,6
4707,254 ,952,2
4709,732 ,976,4
4710,5119 ,985,4
4711,1787 ,1104,10
4712,262 ,922,1
4713,1019 ,513,1
4714,2945 ,859,1
4715,7068 ,996,5
4716,825 ,1034,7
4717,4702 ,958,3
4718,2582 ,971,3
4719,1084 ,993,5
4720,15031 ,1020,7
4721,3962 ,1011,6
4722,1640 ,1031,7
4723,1596 ,1016,6
4724,559 ,1021,7
4725,1540 ,978,4
4726,372 ,951,2
4727,310 ,982,4
4728,229 ,1010,6
4730,3177 ,967,3
4731,218 ,963,3
4732,158 ,1052,8
4733,158 ,1084,10
4735,960 ,952,2
4736,131 ,1002,6
4737,8325 ,1000,5
4738,1155 ,1035,7
4739,340 ,981,4
4740,85500 ,998,5
4741,7346 ,1044,8
4742,1192 ,1006,6
4743,556 ,977,4
4744,9425 ,997,5
4745,2918 ,976,4
4746,1989 ,951,2
4750,6025 ,1032,7
4751,4681 ,1053,8
4753,4627 ,1083,10
4754,2505 ,1026,7
4756,655 ,952,2
4757,362 ,924,1
4798,691 ,964,3
4799,971 ,964,3
4800,10081 ,1013,6
4802,13393 ,981,4
4804,2125 ,941,2
4805,11646 ,949,2
4806,3771 ,973,4
4807,10785 ,962,3
4808,1110 ,1007,6
4809,985 ,978,4
4810,21697 ,944,2
4811,13688 ,1000,5
4812,19110 ,911,1
4814,46193 ,973,4
4815,21397 ,956,3
4816,9284 ,910,1
4817,30785 ,1008,6
4818,32004 ,1039,8
4819,2475 ,941,2
4820,10732 ,944,2
4821,1451 ,955,3
4822,779 ,1000,5
4823,961 ,1007,6
4824,3380 ,945,2
4825,19299 ,931,2
4828,236 ,833,1
4829,516 ,858,1
4830,1739 ,644,1
4849,1368 ,887,1
4850,10923 ,953,3
4852,4055 ,971,3
4854,5525 ,952,2
4855,809 ,980,4
4856,718 ,990,5
4858,1515 ,995,5
4859,528 ,941,2
4860,11316 ,909,1
4861,1541 ,928,2
4865,8623 ,1021,7
4868,22896 ,968,3
4869,20619 ,991,5
4870,73803 ,941,2
4871,10798 ,879,1
4872,4248 ,961,3
4873,6771 ,961,3
4874,5603 ,911,1
4875,7526 ,716,1
4876,2801 ,636,1
4877,5462 ,977,4
4878,15044 ,989,5
4879,21919 ,1025,7
4880,14331 ,947,2
4881,4826 ,970,3
4882,3177 ,1022,7
4883,8949 ,939,2
4884,1901 ,1006,6
4885,4021 ,983,4
4886,965 ,956,3
4887,2127 ,924,1
4888,2752 ,916,1
4890,1437 ,802,1
4891,487 ,896,1
4892,5329 ,593,1
4895,4594 ,819,1
5000,18202 ,814,1
5006,6823 ,960,3
5007,8200 ,912,1
5008,14384 ,932,2
5009,5471 ,954,3
5010,6109 ,884,1
5011,13986 ,978,4
5012,11757 ,894,1
5013,10654 ,903,1
5014,12539 ,944,2
5015,6006 ,921,1
5016,9306 ,985,4
5017,5200 ,887,1
5018,5600 ,1010,6
5019,9385 ,955,3
5020,3236 ,1040,8
5021,6768 ,1026,7
5022,16343 ,1024,7
5023,17880 ,935,2
5024,14670 ,1016,6
5025,9358 ,998,5
5031,10108 ,944,2
5032,13452 ,981,4
5033,8870 ,920,1
5034,10148 ,1017,6
5035,6364 ,948,2
5037,11702 ,949,2
5038,17401 ,947,2
5039,9202 ,955,3
5040,2508 ,993,5
5041,13540 ,1042,8
5042,11832 ,957,3
5043,20327 ,912,1
5044,11578 ,1015,6
5045,16071 ,987,5
5046,9756 ,948,2
5047,8981 ,937,2
5048,15510 ,996,5
5049,10380 ,1044,8
5050,5734 ,1054,9
5051,15130 ,1089,10
5052,6756 ,1085,10
5061,9752 ,1044,8
5062,15502 ,1058,9
5063,12742 ,995,5
5064,10756 ,1069,9
5065,10987 ,1016,6
5066,12237 ,1094,10
5067,10773 ,970,3
5068,12648 ,999,5
5069,8387 ,1010,6
5070,15393 ,967,3
5072,13937 ,1011,6
5073,16831 ,999,5
5074,14380 ,957,3
5075,11283 ,996,5
5076,9619 ,1054,9
5081,9874 ,1031,7
5082,16310 ,996,5
5083,7953 ,977,4
5084,10908 ,863,1
5085,24786 ,960,3
5086,17619 ,953,2
5087,12541 ,948,2
5088,3716 ,936,2
5089,6956 ,1065,9
5090,8184 ,983,4
5091,7872 ,1038,8
5092,18288 ,989,5
5093,9426 ,972,4
5094,912 ,938,2
5095,21372 ,972,4
5096,13765 ,981,4
5097,13908 ,1009,6
5098,13058 ,969,3
5106,99 ,866,1
5107,18636 ,947,2
5108,43329 ,907,1
5109,20748 ,950,2
5110,9345 ,967,3
5112,20445 ,836,1
5113,19570 ,802,1
5114,36847 ,960,3
5115,13032 ,937,2
5116,10731 ,960,3
5117,4051 ,1112,10
5118,19229 ,1008,6
5120,2859 ,1050,8
5121,2347 ,1011,6
5125,20405 ,1039,8
5126,7406 ,1032,7
5127,7865 ,1021,7
5131,979 ,1111,10
5132,435 ,1100,10
5133,378 ,1080,9
5134,457 ,1074,9
5136,548 ,1094,10
5137,550 ,1093,10
5138,364 ,1082,10
5139,290 ,1057,9
5140,454 ,1106,10
5141,772 ,1117,10
5142,581 ,1064,9
5144,428 ,1084,10
5150,57 ,1118,10
5151,405 ,1111,10
5152,6389 ,1110,10
5153,6732 ,1091,10
5154,3471 ,1124,10
5155,3994 ,1067,9
5156,1005 ,1097,10
5157,3015 ,1092,10
5158,25087 ,1051,8
5159,33635 ,1050,8
5161,10286 ,983,4
5162,35328 ,969,3
5163,14922 ,939,2
5164,5239 ,825,1
5165,5962 ,910,1
5166,1844 ,912,1
5167,6303 ,994,5
5168,5772 ,945,2
5169,20086 ,999,5
5170,1213 ,984,4
5171,6265 ,1045,8
5172,4189 ,1067,9
5173,13213 ,982,4
5174,3004 ,1025,7
5201,2305 ,1080,9
5202,938 ,1040,8
5203,1320 ,985,4
5204,3373 ,977,4
5210,1877 ,1059,9
5211,16845 ,973,4
5212,2251 ,989,5
5213,1298 ,1033,7
5214,9557 ,965,3
5220,155 ,930,2
5221,331 ,955,3
5222,678 ,990,5
5223,3734 ,985,4
5231,1284 ,1089,10
5232,425 ,1099,10
5233,1513 ,1049,8
5234,1376 ,1052,8
5235,2640 ,1026,7
5236,342 ,1021,7
5237,358 ,1005,6
5238,4422 ,932,2
5240,534 ,1073,9
5241,2534 ,1024,7
5242,1756 ,1063,9
5243,865 ,1084,10
5244,4451 ,1057,9
5245,3252 ,1062,9
5250,3767 ,1080,9
5251,19184 ,1013,6
5252,6783 ,1041,8
5253,19261 ,911,1
5254,2502 ,1021,7
5255,10143 ,1031,7
5256,1547 ,961,3
5259,1111 ,964,3
5260,1797 ,912,1
5261,335 ,1027,7
5262,476 ,1049,8
5263,135 ,1047,8
5264,1287 ,952,2
5265,428 ,982,4
5266,611 ,1014,6
5267,2026 ,1006,6
5268,3695 ,991,5
5269,293 ,1018,7
5270,624 ,1068,9
5271,7663 ,978,4
5272,908 ,1036,8
5273,112 ,1041,8
5275,2380 ,985,4
5276,1335 ,1008,6
5277,2885 ,969,3
5278,529 ,971,3
5279,557 ,981,4
5280,7561 ,952,2
5290,25591 ,920,1
5291,10151 ,1062,9
5301,503 ,1023,7
5302,855 ,997,5
5303,159 ,1022,7
5304,840 ,953,3
5306,72 ,1017,6
5307,560 ,947,2
5308,138 ,1012,6
5309,135 ,1039,8
5310,32 ,998,5
5311,398 ,1002,5
5320,699 ,898,1
5321,547 ,938,2
5322,942 ,988,5
5330,3376 ,939,2
5331,312 ,983,4
5332,375 ,966,3
5333,6121 ,976,4
5340,1457 ,979,4
5341,7914 ,943,2
5342,1110 ,1028,7
5343,4977 ,891,1
5344,919 ,1005,6
5345,3545 ,931,2
5346,375 ,945,2
5350,553 ,1083,10
5351,6195 ,1063,9
5352,5332 ,1017,6
5353,3922 ,1006,6
5354,416 ,907,1
5355,8281 ,1005,6
5356,799 ,1024,7
5357,442 ,953,2
5360,1229 ,1075,9
5371,1333 ,1076,9
5372,2688 ,1043,8
5373,3447 ,982,4
5374,1493 ,956,3
5381,336 ,940,2
5400,1063 ,1070,9
5401,832 ,953,2
5410,319 ,1005,6
5411,337 ,1013,6
5412,1191 ,940,2
5413,826 ,975,4
5414,134 ,1047,8
5415,247 ,1052,8
5416,209 ,990,5
5417,1501 ,958,3
5418,125 ,974,4
5419,245 ,968,3
5420,78 ,928,2
5421,135 ,928,2
5422,1662 ,859,1
5431,857 ,999,5
5432,148 ,1037,8
5433,1304 ,946,2
5434,405 ,938,2
5440,169 ,956,3
5451,702 ,1017,6
5452,452 ,1043,8
5453,5100 ,996,5
5454,391 ,968,3
5455,42 ,1029,7
5460,743 ,1007,6
5461,2598 ,955,3
5462,518 ,1001,5
5464,572 ,991,5
5470,147 ,990,5
5471,80 ,990,5
5472,186 ,969,3
5473,745 ,911,1
5480,886 ,972,4
5481,498 ,994,5
5482,482 ,1009,6
5483,342 ,1011,6
5485,667 ,985,4
5490,171 ,1065,9
5491,1797 ,989,5
5493,67 ,983,4
5495,583 ,954,3
5501,8156 ,1048,8
5502,1716 ,997,5
5510,104 ,966,3
5520,540 ,902,1
5521,147 ,965,3
5522,1511 ,944,2
5523,1944 ,966,3
5540,15241 ,893,1
5550,958 ,930,2
5552,351 ,994,5
5554,5389 ,961,3
5555,518 ,1004,6
5556,4426 ,923,1
5558,5214 ,965,3
5560,454 ,959,3
5570,597 ,950,2
5571,1978 ,951,2
5572,157 ,1043,8
5573,2206 ,950,2
5575,2391 ,975,4
5576,1133 ,958,3
5577,574 ,959,3
5580,363 ,1003,6
5581,568 ,964,3
5582,603 ,966,3
5583,838 ,936,2
5600,6150 ,969,3
5601,88 ,1062,9
5602,1349 ,974,4
5603,422 ,985,4
5604,218 ,942,2
5605,1852 ,963,3
5606,14459 ,936,2
5607,5360 ,1040,8
5608,13041 ,817,1
5609,1961 ,1001,5
5611,125 ,788,1
5630,129 ,1084,10
5631,1063 ,998,5
5632,231 ,1049,8
5633,286 ,979,4
5640,1029 ,969,3
5641,1005 ,1005,6
5642,234 ,1059,9
5650,167 ,1043,8
5651,63 ,1029,7
5652,656 ,979,4
5653,66 ,967,3
5654,230 ,967,3
5655,106 ,992,5
5660,39 ,992,5
5661,147 ,991,5
5670,494 ,953,2
5671,169 ,989,5
5680,2123 ,978,4
5690,3954 ,884,1
5700,11042 ,864,1
5701,30 ,1044,8
5710,2793 ,1025,7
5713,20 ,972,3
5715,30 ,966,3
5717,35 ,975,4
5719,61 ,983,4
5720,252 ,953,3
5722,262 ,890,1
5723,1812 ,852,1
5724,84 ,983,4
5725,3976 ,1010,6
5730,115 ,932,2
5731,234 ,867,1
5732,146 ,731,1
5733,129 ,914,1
5734,114 ,609,1
6000,13812 ,904,1
6003,3652 ,909,1
6004,11681 ,921,1
6005,6102 ,909,1
6006,9623 ,1025,7
6007,8095 ,1016,6
6008,16131 ,1013,6
6009,18936 ,1065,9
6010,18863 ,1063,9
6011,9346 ,1095,10
6012,9169 ,1047,8
6014,22092 ,1073,9
6015,6805 ,1152,10
6016,10818 ,1029,7
6017,4507 ,917,1
6018,42250 ,1052,8
6019,24351 ,1033,7
6020,22581 ,1106,10
6021,20980 ,1035,8
6022,5209 ,1055,9
6023,15982 ,1101,10
6024,13723 ,1053,8
6025,31581 ,1078,9
6026,22781 ,1091,10
6027,42828 ,1060,9
6028,23559 ,1130,10
6029,2855 ,1128,10
6030,40841 ,1043,8
6031,18645 ,1069,9
6032,189 ,1103,10
6033,444 ,1127,10
6034,3705 ,1060,9
6035,11022 ,1030,7
6036,17514 ,1030,7
6037,3822 ,1039,8
6038,10203 ,1052,8
6041,1597 ,1034,7
6042,107 ,960,3
6043,233 ,1004,6
6044,1300 ,976,4
6050,15770 ,1039,8
6051,13199 ,934,2
6052,11555 ,1016,6
6053,15288 ,1020,7
6054,21029 ,981,4
6055,32320 ,1073,9
6056,41172 ,988,5
6057,16697 ,1040,8
6058,13181 ,1006,6
6059,24169 ,1019,7
6060,25486 ,966,3
6061,41683 ,913,1
6062,34144 ,1003,6
6063,15045 ,1009,6
6064,31068 ,972,4
6065,68443 ,1082,10
6066,18459 ,1028,7
6067,45 ,891,1
6069,46350 ,1058,9
6070,3725 ,1115,10
6071,3502 ,1103,10
6072,829 ,1104,10
6073,3190 ,1055,9
6074,1001 ,1079,9
6076,22308 ,1080,9
6077,1639 ,1089,10
6078,941 ,1144,10
6079,30 ,1099,10
6081,4919 ,1112,10
6082,3422 ,1087,10
6083,3570 ,1120,10
6084,9063 ,1091,10
6100,15816 ,968,3
6101,17301 ,978,4
6102,13949 ,892,1
6103,10897 ,937,2
6104,15082 ,963,3
6105,16283 ,956,3
6107,48583 ,984,4
6108,23665 ,1008,6
6109,13143 ,961,3
6110,44873 ,1008,6
6111,23639 ,1004,6
6112,70564 ,1033,7
6121,3101 ,1148,10
6122,21803 ,1085,10
6123,2253 ,1067,9
6124,1205 ,1081,9
6125,3622 ,1091,10
6126,265 ,1043,8
6147,15038 ,980,4
6148,18974 ,1043,8
6149,18905 ,1087,10
6150,13201 ,1076,9
6151,17226 ,1022,7
6152,26227 ,1010,6
6153,21419 ,1069,9
6154,10621 ,1054,9
6155,53765 ,1080,9
6156,18238 ,1049,8
6157,14603 ,1020,7
6158,7819 ,1066,9
6159,3947 ,1019,7
6160,9251 ,961,3
6161,166 ,778,1
6162,12074 ,1004,6
6163,54704 ,998,5
6164,66124 ,1066,9
6165,64 ,1047,8
6166,10792 ,1081,9
6167,28476 ,980,4
6168,24913 ,941,2
6169,35317 ,997,5
6170,17329 ,1039,8
6171,37697 ,1063,9
6172,13477 ,1044,8
6173,12474 ,1105,10
6174,5681 ,1031,7
6175,4021 ,1081,9
6176,2096 ,1091,10
6180,6777 ,1045,8
6181,469 ,1141,10
6207,1243 ,1122,10
6208,12946 ,1014,6
6209,2002 ,1001,5
6210,75034 ,989,5
6211,8498 ,1045,8
6213,654 ,1021,7
6214,684 ,1076,9
6215,4234 ,999,5
6218,541 ,971,3
6219,604 ,1047,8
6220,4346 ,993,5
6221,291 ,1070,9
6223,159 ,1069,9
6224,1254 ,983,4
6225,9164 ,962,3
6226,938 ,1125,10
6227,788 ,1061,9
6228,144 ,983,4
6229,174 ,979,4
6230,44972 ,979,4
6232,11402 ,1033,7
6233,20432 ,1053,8
6236,2213 ,1072,9
6237,2656 ,1074,9
6239,4657 ,1026,7
6240,165 ,1085,10
6243,84 ,1020,7
6244,1580 ,1004,6
6251,310 ,1020,7
6252,149 ,1008,6
6253,655 ,993,5
6254,541 ,968,3
6255,4403 ,1020,7
6256,434 ,1063,9
6258,6483 ,975,4
6260,1396 ,1017,7
6262,733 ,1001,5
6271,3461 ,1021,7
6275,1506 ,991,5
6280,30585 ,1022,7
6281,8543 ,1078,9
6282,1522 ,1114,10
6284,2875 ,1079,9
6285,10633 ,1040,8
6286,841 ,1020,7
6288,603 ,996,5
6290,1837 ,966,3
6302,3485 ,981,4
6304,1669 ,985,4
6306,976 ,992,5
6308,1568 ,967,3
6309,292 ,983,4
6311,605 ,1011,6
6312,4556 ,950,2
6313,247 ,1056,9
6315,1878 ,975,4
6316,391 ,994,5
6317,4085 ,944,2
6318,493 ,1030,7
6320,554 ,973,4
6321,505 ,949,2
6322,240 ,1072,9
6323,1062 ,994,5
6324,3743 ,976,4
6326,514 ,1072,9
6327,268 ,1033,7
6328,431 ,1003,6
6330,38042 ,997,5
6333,6310 ,1003,6
6335,758 ,991,5
6336,343 ,1011,6
6337,545 ,1003,6
6338,730 ,1041,8
6341,260 ,1042,8
6343,231 ,1040,8
6346,832 ,984,4
6348,1115 ,978,4
6350,335 ,958,3
6351,57 ,1067,9
6352,172 ,1067,9
6353,786 ,1028,7
6355,441 ,1064,9
6356,115 ,1065,9
6357,60 ,1111,10
6358,105 ,1050,8
6359,439 ,1027,7
6361,102 ,1062,9
6363,93 ,1117,10
6365,538 ,1020,7
6367,332 ,942,2
6368,85 ,1119,10
6369,656 ,1019,7
6370,457 ,984,4
6372,105 ,1053,8
6373,82 ,1138,10
6375,880 ,1008,6
6383,935 ,979,4
6384,25 ,1047,8
6385,20 ,1073,9
6386,114 ,1073,9
6390,1673 ,1009,6
6391,1040 ,1038,8
6392,432 ,1003,6
6393,119 ,1025,7
6394,477 ,1039,8
6395,1543 ,988,5
6396,353 ,985,4
6397,92 ,987,5
6398,552 ,943,2
6401,8283 ,957,3
6403,158 ,988,5
6405,338 ,1022,7
6407,960 ,979,4
6409,386 ,974,4
6410,949 ,918,1
6411,133 ,1056,9
6412,59 ,1056,9
6413,59 ,1002,6
6414,75 ,1002,6
6415,2771 ,962,3
6418,742 ,961,3
6419,51 ,1073,9
6420,77 ,1120,10
6421,168 ,1054,9
6422,64 ,984,4
6423,146 ,984,4
6424,72 ,1058,9
6425,83 ,1061,9
6426,894 ,943,2
6428,56 ,1073,9
6429,967 ,883,1
6430,21920 ,1024,7
6431,935 ,668,1
6432,7150 ,968,3
6436,153 ,829,1
6437,747 ,977,4
6438,837 ,889,1
6440,1333 ,738,1
6442,2472 ,937,2
6443,722 ,872,1
6445,159 ,1039,8
6446,113 ,1085,10
6447,174 ,1084,10
6448,406 ,1030,7
6450,13159 ,999,5
6452,4 ,1078,9
6460,688 ,970,3
6461,494 ,948,2
6462,177 ,1041,8
6463,23 ,1032,7
6465,42 ,1041,8
6466,56 ,1032,7
6467,30 ,1032,7
6468,194 ,1078,9
6470,20 ,1078,9
6472,151 ,974,4
6473,53 ,1050,8
6475,350 ,978,4
6476,44 ,993,5
6477,242 ,993,5
6479,558 ,1018,7
6480,39 ,1053,8
6485,447 ,895,1
6487,45 ,920,1
6488,162 ,920,1
6489,86 ,920,1
6490,255 ,979,4
6501,921 ,1089,10
6502,1221 ,1034,7
6503,2354 ,1035,7
6504,213 ,1045,8
6505,134 ,1045,8
6506,58 ,1057,9
6507,530 ,1026,7
6509,152 ,1057,9
6510,1940 ,963,3
6511,480 ,1010,6
6512,92 ,1048,8
6513,162 ,1018,7
6514,639 ,969,3
6515,323 ,1037,8
6516,1985 ,1006,6
6517,407 ,982,4
6518,209 ,952,2
6519,575 ,964,3
6521,347 ,1046,8
6522,407 ,1028,7
6525,3680 ,984,4
6528,378 ,1037,8
6530,33378 ,971,3
6532,6915 ,1063,9
6535,1609 ,979,4
6536,1478 ,981,4
6537,995 ,933,2
6556,1969 ,1081,9
6558,2613 ,1044,8
6560,1372 ,994,5
6562,1413 ,1062,9
6564,330 ,990,5
6566,3296 ,1004,6
6567,485 ,1023,7
6568,210 ,1035,8
6569,270 ,1006,6
6571,67 ,1000,5
6572,61 ,1057,9
6574,64 ,1105,10
6575,101 ,1048,8
6603,1110 ,963,3
6605,41 ,1032,7
6606,133 ,1032,7
6608,150 ,1063,9
6609,852 ,1022,7
6612,162 ,1026,7
6613,51 ,1057,9
6614,20 ,1105,10
6616,61 ,1105,10
6620,518 ,996,5
6623,575 ,931,2
6625,57 ,1067,9
6627,57 ,1067,9
6628,23 ,1064,9
6630,482 ,904,1
6631,13 ,1021,7
6632,63 ,1064,9
6635,379 ,863,1
6638,653 ,890,1
6639,109 ,960,3
6640,215 ,895,1
6642,1200 ,831,1
6646,535 ,741,1
6701,5259 ,913,1
6705,170 ,805,1
6707,3074 ,998,5
6710,940 ,987,5
6713,1282 ,1093,10
6714,17657 ,1034,7
6716,1084 ,948,2
6718,977 ,731,1
6720,2279 ,995,5
6721,4367 ,1016,6
6722,11305 ,957,3
6725,11236 ,916,1
6726,5730 ,968,3
6728,5365 ,760,1
6740,1477 ,687,1
6743,6455 ,873,1
6751,4007 ,980,4
6753,6761 ,948,2
6754,1324 ,969,3
6758,1159 ,686,1
6760,927 ,700,1
6762,657 ,510,1
6765,1678 ,642,1
6770,3149 ,584,1
6798,1692 ,943,2
6799,593 ,980,4
7000,15645 ,943,2
7004,7982 ,966,3
7005,13947 ,982,4
7007,3387 ,1017,6
7008,13210 ,971,3
7009,13898 ,910,1
7010,18372 ,887,1
7011,15742 ,927,2
7012,838 ,1040,8
7015,11290 ,995,5
7016,3171 ,892,1
7017,6300 ,1052,8
7018,23450 ,978,4
7019,7744 ,895,1
7020,2665 ,1099,10
7021,2592 ,1055,9
7022,963 ,1020,7
7023,383 ,1015,6
7024,602 ,1089,10
7025,1822 ,1036,8
7026,1158 ,1028,7
7027,372 ,958,3
7030,19720 ,920,1
7050,14593 ,973,4
7052,7688 ,1031,7
7053,3637 ,1043,8
7054,9609 ,1049,8
7055,540 ,1001,5
7109,9872 ,1006,6
7112,3496 ,946,2
7113,1301 ,971,3
7116,2490 ,971,3
7117,923 ,960,3
7119,47 ,968,3
7120,1892 ,970,3
7140,12069 ,944,2
7150,3191 ,1020,7
7155,943 ,1035,7
7162,667 ,1040,8
7163,397 ,1029,7
7170,5734 ,1100,10
7171,3824 ,992,5
7172,4435 ,984,4
7173,7509 ,998,5
7174,200 ,1015,6
7175,184 ,1009,6
7176,185 ,1015,6
7177,449 ,964,3
7178,325 ,932,2
7179,422 ,975,4
7180,167 ,932,2
7182,247 ,942,2
7183,42 ,956,3
7184,909 ,920,1
7185,139 ,987,5
7186,196 ,987,5
7187,138 ,932,2
7190,3458 ,959,3
7209,414 ,951,2
7210,1076 ,921,1
7211,261 ,976,4
7212,1778 ,994,5
7213,298 ,879,1
7214,630 ,907,1
7215,4066 ,950,2
7216,3563 ,927,2
7248,17177 ,857,1
7249,14056 ,936,2
7250,51133 ,960,3
7252,2993 ,1041,8
7253,5160 ,868,1
7254,562 ,1010,6
7255,856 ,966,3
7256,1617 ,987,5
7257,64 ,616,1
7258,962 ,1102,10
7259,505 ,1028,7
7260,3334 ,955,3
7261,244 ,931,2
7262,1891 ,979,4
7263,632 ,942,2
7264,574 ,933,2
7265,233 ,927,2
7267,805 ,1053,8
7268,1133 ,1006,6
7270,4370 ,943,2
7275,3366 ,1009,6
7276,641 ,993,5
7277,6524 ,1037,8
7290,2429 ,990,5
7291,721 ,1029,7
7292,655 ,1018,7
7300,3933 ,1012,6
7301,4717 ,956,3
7302,1753 ,979,4
7303,3031 ,984,4
7304,6265 ,963,3
7305,1265 ,955,3
7306,4276 ,987,5
7307,11849 ,979,4
7310,28635 ,930,2
7315,15635 ,954,3
7316,6285 ,999,5
7320,17138 ,907,1
7321,4968 ,1000,5
7322,4067 ,926,1
7325,9015 ,952,2
7330,6731 ,965,3
7331,595 ,979,4
7466,32 ,1033,7
7467,1808 ,878,1
7468,697 ,943,2
7469,772 ,878,1
7470,752 ,861,1
,,,
,,,
© Commonwealth of Australia 2023,,,