Postcode,Total
0,4
200,1
800,150
801,12
803,2
804,16
810,"4,344"
811,2
812,"2,374"
813,7
814,4
820,"1,613"
821,8
822,"1,350"
828,493
829,49
830,"2,610"
831,10
832,"3,341"
834,336
835,644
836,"1,547"
837,70
838,163
839,41
840,149
841,95
845,89
846,58
847,25
850,993
851,47
852,400
853,2
854,20
860,186
861,24
862,167
870,"3,100"
871,59
872,314
873,192
874,25
875,179
880,48
881,19
885,31
886,12
1340,1
1355,2
1435,1
1460,1
1465,1
1470,2
1475,4
1480,2
1485,1
1490,2
1495,4
1560,1
1570,3
1595,5
1630,7
1640,3
1655,4
1658,1
1660,4
1670,2
1675,1
1680,3
1685,5
1710,3
1715,2
1730,8
1741,1
1750,1
1755,5
1765,12
1790,5
1800,2
1805,2
1825,1
1830,1
1835,2
1848,1
1860,3
1871,2
1875,1
1885,5
1890,6
2000,83
2007,41
2008,133
2009,36
2010,317
2011,73
2015,492
2016,236
2017,190
2018,701
2019,758
2020,642
2021,404
2022,490
2023,507
2024,707
2025,247
2026,"1,104"
2027,144
2028,119
2029,362
2030,907
2031,"1,337"
2032,742
2033,393
2034,880
2035,"2,166"
2036,"2,427"
2037,517
2038,617
2039,456
2040,"1,557"
2041,866
2042,890
2043,240
2044,751
2045,600
2046,"1,702"
2047,560
2048,422
2049,640
2050,237
2055,1
2057,31
2059,3
2060,346
2061,49
2062,326
2063,735
2064,444
2065,"1,177"
2066,"2,460"
2067,"1,198"
2068,"1,713"
2069,"1,457"
2070,"1,314"
2071,"1,190"
2072,516
2073,"1,675"
2074,"2,465"
2075,"2,244"
2076,"2,413"
2077,"2,759"
2079,"1,037"
2080,273
2081,946
2082,928
2083,302
2084,555
2085,"1,739"
2086,"1,722"
2087,"1,663"
2088,"1,579"
2089,201
2090,406
2092,878
2093,"2,146"
2094,386
2095,636
2096,"1,145"
2097,"1,522"
2099,"2,792"
2100,"2,448"
2101,"1,594"
2102,904
2103,"1,100"
2104,409
2105,190
2106,801
2107,"1,506"
2108,230
2109,1
2110,803
2111,"1,250"
2112,"2,534"
2113,"1,780"
2114,"1,606"
2115,"1,097"
2116,614
2117,"1,923"
2118,"2,742"
2119,"1,355"
2120,"2,349"
2121,"2,726"
2122,"2,470"
2123,1
2124,6
2125,"2,878"
2126,"2,963"
2127,276
2128,230
2130,344
2131,806
2132,728
2133,748
2134,550
2135,"1,656"
2136,579
2137,"1,807"
2138,816
2140,352
2141,"2,260"
2142,"1,379"
2143,865
2144,"2,005"
2145,"8,072"
2146,"2,271"
2147,"5,369"
2148,"8,030"
2150,499
2151,"1,709"
2152,"1,031"
2153,"9,261"
2154,"5,698"
2155,"14,182"
2156,"2,451"
2157,701
2158,"1,276"
2159,887
2160,"2,382"
2161,"2,606"
2162,"1,760"
2163,747
2164,"2,912"
2165,"3,674"
2166,"4,785"
2167,"1,509"
2168,"5,127"
2170,"12,332"
2171,"5,845"
2172,544
2173,"2,063"
2174,"2,218"
2175,322
2176,"6,377"
2177,"2,193"
2178,612
2179,"5,208"
2190,"2,171"
2191,439
2192,658
2193,"1,125"
2194,727
2195,829
2196,"2,274"
2197,951
2198,907
2199,"1,498"
2200,"2,732"
2203,774
2204,"1,700"
2205,766
2206,"1,688"
2207,"2,027"
2208,"1,175"
2209,"1,455"
2210,"2,990"
2211,"1,870"
2212,"1,857"
2213,"2,761"
2214,770
2216,"1,171"
2217,"1,317"
2218,799
2219,949
2220,"1,638"
2221,"1,574"
2222,699
2223,"1,910"
2224,"1,337"
2225,650
2226,"1,523"
2227,"1,348"
2228,"1,574"
2229,"2,765"
2230,"2,400"
2231,348
2232,"3,110"
2233,"3,788"
2234,"4,715"
2250,"10,030"
2251,"5,289"
2256,"2,340"
2257,"4,307"
2258,892
2259,"13,621"
2260,"3,755"
2261,"7,713"
2262,"3,651"
2263,"3,911"
2264,"3,489"
2265,"2,110"
2267,555
2278,553
2280,"4,729"
2281,"3,069"
2282,"2,892"
2283,"4,725"
2284,"2,606"
2285,"6,145"
2286,834
2287,"6,395"
2289,"2,682"
2290,"4,980"
2291,"1,983"
2292,380
2293,322
2294,207
2295,"1,277"
2296,239
2297,283
2298,"1,088"
2299,"1,394"
2300,786
2302,31
2303,"1,263"
2304,"2,082"
2305,"1,952"
2306,206
2307,636
2308,4
2311,272
2312,392
2315,"2,965"
2316,"1,609"
2317,"1,338"
2318,"3,738"
2319,"1,479"
2320,"8,113"
2321,"4,860"
2322,"5,608"
2323,"4,471"
2324,"5,990"
2325,"5,911"
2326,"1,579"
2327,"1,274"
2328,466
2329,430
2330,"4,318"
2333,"2,342"
2334,762
2335,"2,331"
2336,550
2337,"1,400"
2338,377
2339,159
2340,"9,687"
2341,352
2342,92
2343,966
2344,179
2345,183
2346,686
2347,428
2350,"4,986"
2352,593
2353,276
2354,655
2355,131
2356,33
2357,"1,477"
2358,852
2359,185
2360,"3,041"
2361,292
2365,797
2369,194
2370,"1,589"
2371,352
2372,"1,303"
2379,68
2380,"2,226"
2381,297
2382,293
2386,65
2387,28
2388,834
2390,"2,949"
2395,184
2396,338
2397,97
2398,48
2399,157
2400,"2,928"
2401,69
2402,500
2403,171
2404,484
2405,121
2406,232
2408,57
2409,203
2410,47
2411,30
2415,133
2420,929
2421,567
2422,"1,541"
2423,953
2424,121
2425,609
2426,179
2427,"1,329"
2428,"5,784"
2429,"2,508"
2430,"8,497"
2431,"1,675"
2439,"1,428"
2440,"4,721"
2441,"1,306"
2443,"2,810"
2444,"11,528"
2445,"2,198"
2446,"3,861"
2447,"2,041"
2448,"2,392"
2449,584
2450,"9,845"
2452,"3,163"
2453,769
2454,"2,226"
2455,819
2456,"4,051"
2460,"7,463"
2462,747
2463,"2,429"
2464,"2,229"
2465,64
2466,595
2469,"1,169"
2470,"4,055"
2471,702
2472,625
2473,"1,056"
2474,"2,052"
2475,69
2476,157
2477,"3,904"
2478,"8,978"
2479,"1,775"
2480,"12,852"
2481,"3,669"
2482,"2,337"
2483,"3,454"
2484,"5,916"
2485,"3,019"
2486,"9,866"
2487,"4,287"
2488,939
2489,"2,407"
2490,211
2500,"2,768"
2502,"1,410"
2505,689
2506,898
2508,"1,311"
2515,"2,041"
2516,"1,052"
2517,"1,921"
2518,"2,352"
2519,"2,015"
2520,7
2525,"1,757"
2526,"2,756"
2527,"5,434"
2528,"3,067"
2529,"4,768"
2530,"6,877"
2533,"3,374"
2534,"1,256"
2535,"2,088"
2536,"4,478"
2537,"3,414"
2538,698
2539,"5,173"
2540,"11,154"
2541,"4,992"
2545,315
2546,"2,413"
2548,"1,815"
2549,957
2550,"4,519"
2551,818
2552,1
2555,11
2556,235
2557,"4,118"
2558,"1,961"
2559,355
2560,"12,527"
2563,282
2564,"1,896"
2565,"5,630"
2566,"5,161"
2567,"7,298"
2568,366
2569,311
2570,"11,320"
2571,"3,183"
2572,987
2573,"1,261"
2574,"1,226"
2575,"3,570"
2576,"2,532"
2577,"3,965"
2578,764
2579,"1,293"
2580,"5,467"
2581,628
2582,"3,361"
2583,"1,052"
2584,159
2585,39
2586,772
2587,855
2588,101
2590,"1,693"
2594,"2,302"
2600,"1,043"
2601,59
2602,"4,274"
2603,"1,128"
2604,997
2605,"1,649"
2606,"1,148"
2607,"2,165"
2609,309
2611,"7,180"
2612,962
2614,"3,291"
2615,"8,708"
2616,13
2617,"4,367"
2618,338
2619,"1,493"
2620,"8,149"
2621,"1,707"
2622,"1,305"
2623,104
2624,11
2625,5
2626,129
2627,"1,106"
2628,450
2629,135
2630,"1,579"
2631,114
2632,358
2633,59
2640,"8,905"
2641,"3,031"
2642,"1,493"
2643,880
2644,671
2645,138
2646,"1,867"
2647,832
2648,665
2649,7
2650,"10,918"
2651,363
2652,"1,083"
2653,637
2655,361
2656,344
2658,402
2659,237
2660,446
2661,2
2663,856
2665,451
2666,"1,180"
2668,107
2669,356
2671,957
2672,460
2675,357
2678,1
2680,"4,452"
2681,329
2700,"1,128"
2701,588
2702,211
2703,154
2705,"2,004"
2706,299
2707,247
2710,"2,436"
2711,828
2712,405
2713,757
2714,883
2715,302
2716,357
2717,242
2720,"1,836"
2721,47
2722,776
2725,89
2726,65
2727,70
2729,454
2730,331
2731,"1,945"
2732,537
2733,164
2734,94
2735,94
2736,83
2737,144
2738,526
2739,315
2745,"5,538"
2747,"8,288"
2748,327
2749,"2,707"
2750,"6,264"
2751,21
2752,"1,409"
2753,"2,492"
2754,"1,429"
2756,"5,502"
2757,151
2758,"1,672"
2759,"4,581"
2760,"4,365"
2761,"6,298"
2762,"4,158"
2763,"5,511"
2765,"14,647"
2766,"2,313"
2767,"4,390"
2768,"5,522"
2769,"3,793"
2770,"7,320"
2773,"1,173"
2774,"2,321"
2775,339
2776,817
2777,"3,269"
2778,559
2779,881
2780,"2,273"
2782,"1,257"
2783,516
2784,260
2785,"1,057"
2786,285
2787,902
2790,"2,718"
2791,86
2792,82
2793,281
2794,"2,326"
2795,"8,231"
2797,87
2798,482
2799,752
2800,"9,054"
2803,85
2804,771
2805,84
2806,184
2807,127
2808,58
2809,59
2810,816
2817,55
2818,176
2820,"1,407"
2821,"1,356"
2822,67
2823,434
2824,679
2825,574
2826,50
2827,"1,060"
2828,237
2829,900
2830,"12,133"
2831,689
2832,682
2833,225
2834,776
2835,"1,208"
2836,292
2838,85
2839,374
2840,846
2842,226
2843,320
2844,405
2845,387
2846,101
2847,534
2848,278
2849,464
2850,"4,101"
2852,753
2864,221
2865,269
2866,644
2867,152
2868,164
2869,418
2870,"2,644"
2871,"1,802"
2873,195
2874,136
2875,229
2876,85
2877,"1,025"
2878,93
2879,332
2880,"6,796"
2898,43
2899,865
2900,318
2901,1
2902,"2,872"
2903,"1,633"
2904,"2,710"
2905,"4,903"
2906,"2,995"
2911,779
2912,661
2913,"6,534"
2914,"5,082"
3000,112
3002,107
3003,146
3004,26
3006,46
3008,118
3011,"1,295"
3012,"2,084"
3013,"1,386"
3015,"1,701"
3016,"1,688"
3018,"1,762"
3019,825
3020,"4,535"
3021,"5,188"
3022,290
3023,"8,675"
3024,"7,216"
3025,"1,565"
3026,951
3027,"1,379"
3028,"3,270"
3029,"26,575"
3030,"18,201"
3031,"1,010"
3032,"2,014"
3033,"1,325"
3034,985
3036,675
3037,"6,242"
3038,"3,222"
3039,977
3040,"1,845"
3041,"1,044"
3042,"1,464"
3043,"1,921"
3044,"2,143"
3045,23
3046,"2,574"
3047,"1,838"
3048,"1,988"
3049,"1,043"
3051,330
3052,171
3053,203
3054,475
3055,979
3056,"1,769"
3057,759
3058,"3,619"
3059,"3,282"
3060,"1,113"
3061,"1,056"
3062,87
3063,88
3064,"19,704"
3065,390
3066,277
3067,317
3068,"1,381"
3070,"2,698"
3071,"1,637"
3072,"3,101"
3073,"4,338"
3074,"2,185"
3075,"2,184"
3076,"4,373"
3078,"1,322"
3079,"1,516"
3081,"1,294"
3082,"3,187"
3083,"3,337"
3084,"2,498"
3085,"1,362"
3087,937
3088,"2,934"
3089,"1,590"
3090,351
3091,301
3093,438
3094,969
3095,"3,236"
3096,266
3097,271
3099,728
3101,"1,727"
3102,579
3103,"1,226"
3104,"1,873"
3105,"1,007"
3106,"1,996"
3107,"1,310"
3108,"2,026"
3109,"2,821"
3111,"1,569"
3113,"1,250"
3114,545
3115,566
3116,"1,541"
3121,"1,251"
3122,963
3123,784
3124,"1,720"
3125,"1,276"
3126,586
3127,"1,616"
3128,"1,440"
3129,"1,589"
3130,"3,385"
3131,"2,504"
3132,"1,647"
3133,"2,997"
3134,"3,603"
3135,"2,240"
3136,"5,286"
3137,"1,980"
3138,"2,861"
3139,"2,238"
3140,"2,418"
3141,450
3142,467
3143,386
3144,643
3145,"1,662"
3146,"1,967"
3147,"1,554"
3148,810
3149,"3,947"
3150,"7,613"
3151,"1,318"
3152,"4,743"
3153,"2,932"
3154,554
3155,"2,772"
3156,"5,238"
3158,741
3159,286
3160,"1,013"
3161,781
3162,"1,257"
3163,"1,989"
3164,21
3165,"2,509"
3166,"1,935"
3167,"1,034"
3168,"1,125"
3169,"1,999"
3170,"2,421"
3171,"2,235"
3172,"2,745"
3173,"4,563"
3174,"3,652"
3175,"5,480"
3176,4
3177,"1,252"
3178,"5,401"
3179,900
3180,"1,208"
3181,569
3182,567
3183,622
3184,669
3185,800
3186,"1,706"
3187,"1,539"
3188,"1,612"
3189,823
3190,873
3191,994
3192,"2,228"
3193,"2,126"
3194,"1,069"
3195,"4,411"
3196,"2,803"
3197,"1,517"
3198,"2,204"
3199,"6,336"
3200,529
3201,"3,304"
3202,316
3204,"2,598"
3205,366
3206,542
3207,633
3211,286
3212,"3,468"
3213,741
3214,"2,947"
3215,"2,404"
3216,"7,727"
3217,"3,458"
3218,"1,594"
3219,"2,564"
3220,"1,838"
3221,504
3222,"3,323"
3223,"2,345"
3224,"2,356"
3225,"1,451"
3226,"3,395"
3227,"1,198"
3228,"4,126"
3230,906
3231,555
3232,236
3233,584
3234,74
3235,133
3236,71
3237,57
3238,73
3239,97
3240,468
3241,583
3242,216
3243,67
3249,544
3250,"1,546"
3251,84
3254,69
3260,637
3264,343
3265,447
3266,478
3267,34
3268,422
3269,141
3270,46
3271,45
3272,278
3273,22
3274,54
3275,60
3276,72
3277,246
3278,67
3279,49
3280,"3,480"
3281,336
3282,362
3283,241
3284,552
3285,215
3286,82
3287,60
3289,140
3292,66
3293,54
3294,160
3300,"1,201"
3301,175
3302,53
3303,41
3304,475
3305,"1,974"
3309,15
3310,48
3311,296
3312,137
3314,100
3315,266
3317,25
3318,253
3319,59
3321,383
3322,25
3323,8
3324,112
3325,116
3328,471
3329,42
3330,32
3331,"1,357"
3332,240
3333,167
3334,86
3335,"3,251"
3336,"4,246"
3337,"5,999"
3338,"6,664"
3340,"4,018"
3341,326
3342,784
3345,327
3350,"8,147"
3351,"1,805"
3352,"3,456"
3353,12
3354,2
3355,"1,569"
3356,"2,115"
3357,688
3358,483
3360,172
3361,123
3363,778
3364,509
3370,462
3371,321
3373,555
3374,106
3375,37
3377,"1,540"
3378,21
3379,126
3380,915
3381,339
3384,137
3385,135
3387,80
3388,110
3390,198
3391,44
3392,121
3393,508
3395,113
3396,164
3400,"2,209"
3401,944
3402,23
3407,76
3409,242
3412,74
3413,28
3414,408
3415,4
3418,525
3419,191
3420,61
3423,106
3424,183
3427,"1,059"
3428,123
3429,"6,667"
3430,51
3431,849
3432,44
3433,53
3434,"1,086"
3435,674
3437,"2,042"
3438,449
3440,327
3441,189
3442,"1,945"
3444,"2,107"
3446,295
3447,168
3448,304
3450,"1,825"
3451,"1,514"
3453,542
3458,627
3460,654
3461,"1,258"
3462,356
3463,790
3464,262
3465,"2,099"
3467,337
3468,88
3469,77
3472,449
3475,97
3477,205
3478,559
3480,359
3482,54
3483,190
3485,69
3487,20
3488,20
3489,11
3490,231
3491,30
3494,118
3496,"1,307"
3498,"1,177"
3500,"5,493"
3501,548
3502,53
3505,"1,022"
3506,3
3507,36
3509,59
3512,82
3515,588
3516,162
3517,416
3518,351
3520,45
3521,164
3522,113
3523,"1,158"
3525,328
3527,177
3529,21
3530,26
3531,34
3533,165
3537,245
3540,75
3542,34
3544,58
3546,96
3549,611
3550,"6,210"
3551,"7,855"
3552,22
3554,2
3555,"3,388"
3556,"2,567"
3557,176
3558,233
3559,93
3561,"1,115"
3562,87
3563,208
3564,"3,815"
3565,22
3566,137
3567,178
3568,729
3570,210
3571,88
3572,31
3573,82
3575,179
3576,15
3579,"1,220"
3580,260
3581,50
3583,43
3584,236
3585,"1,997"
3586,141
3588,105
3589,66
3590,61
3591,34
3594,156
3595,162
3596,19
3597,94
3599,28
3607,32
3608,811
3610,432
3612,509
3614,263
3616,"1,305"
3617,31
3618,194
3619,90
3620,"1,919"
3621,562
3622,102
3623,231
3624,153
3629,"1,812"
3630,"5,386"
3631,"3,423"
3632,52
3633,150
3634,442
3635,159
3636,"1,317"
3637,154
3638,532
3639,164
3640,304
3641,331
3643,63
3644,"2,335"
3646,162
3647,5
3649,106
3658,"1,421"
3659,212
3660,"1,562"
3661,37
3662,9
3663,64
3664,357
3665,114
3666,"1,325"
3669,402
3670,187
3671,144
3672,"2,327"
3673,528
3675,583
3676,152
3677,"3,741"
3678,"2,025"
3682,190
3683,493
3685,861
3687,301
3688,413
3689,110
3690,"6,610"
3691,"3,324"
3694,15
3695,129
3697,177
3698,334
3699,230
3700,360
3701,372
3704,11
3705,85
3707,598
3708,23
3709,117
3711,178
3712,86
3713,287
3714,889
3715,95
3717,889
3718,27
3719,153
3720,251
3722,"1,512"
3723,886
3724,18
3725,174
3726,119
3727,91
3728,189
3730,"2,839"
3732,185
3733,55
3735,138
3736,34
3737,997
3738,49
3739,51
3740,309
3741,888
3744,131
3746,141
3747,"1,467"
3749,712
3750,"5,155"
3751,64
3752,"3,237"
3753,"1,294"
3754,"7,383"
3755,44
3756,"2,822"
3757,"1,581"
3758,450
3759,229
3760,80
3761,262
3762,27
3763,404
3764,"1,780"
3765,838
3766,136
3767,97
3770,579
3775,736
3777,"1,833"
3778,51
3779,152
3781,514
3782,"1,081"
3783,407
3785,2
3786,190
3787,88
3788,174
3789,23
3791,159
3792,134
3793,528
3795,261
3796,"1,185"
3797,594
3799,949
3802,"3,551"
3803,"1,770"
3804,"1,444"
3805,"9,022"
3806,"8,558"
3807,"1,200"
3808,522
3809,"3,925"
3810,"8,364"
3812,502
3813,178
3814,415
3815,593
3816,555
3818,"3,290"
3820,"3,458"
3821,635
3822,185
3823,507
3824,915
3825,"3,644"
3831,463
3832,67
3833,79
3835,90
3840,"2,588"
3842,791
3844,"4,795"
3847,482
3850,"2,220"
3851,"1,687"
3852,5
3853,9
3854,318
3856,234
3857,103
3858,743
3859,211
3860,"1,368"
3862,835
3864,59
3865,142
3869,410
3870,324
3871,643
3873,86
3874,189
3875,"3,950"
3878,367
3880,"1,175"
3882,332
3885,494
3886,84
3887,118
3888,781
3889,53
3890,74
3891,49
3892,411
3893,5
3895,41
3896,78
3898,178
3900,42
3902,98
3903,198
3904,532
3909,"1,883"
3910,"3,235"
3911,584
3912,"2,386"
3913,601
3915,"1,569"
3916,340
3918,898
3919,518
3921,93
3922,"2,655"
3923,240
3925,"1,154"
3926,831
3927,502
3928,142
3929,435
3930,"2,610"
3931,"3,658"
3933,200
3934,"3,088"
3936,"2,042"
3937,414
3938,659
3939,"2,769"
3940,595
3941,"2,594"
3942,735
3943,664
3944,283
3945,287
3946,69
3950,970
3951,258
3953,"1,540"
3954,100
3956,"1,034"
3957,73
3958,52
3959,511
3960,774
3962,253
3964,40
3965,79
3966,121
3967,33
3971,932
3975,"3,596"
3976,"3,744"
3977,"19,863"
3978,"11,402"
3979,94
3980,702
3981,998
3984,"1,804"
3987,339
3988,238
3990,33
3991,136
3992,315
3995,"2,828"
3996,"1,714"
4000,390
4001,17
4002,1
4004,8
4005,922
4006,590
4007,"1,260"
4008,133
4009,140
4010,288
4011,"2,185"
4012,"3,202"
4013,822
4014,"3,190"
4017,"8,666"
4018,"2,899"
4019,"3,936"
4020,"5,431"
4021,"2,109"
4022,"2,035"
4025,258
4030,"2,096"
4031,"2,123"
4032,"2,005"
4034,"9,051"
4035,"7,462"
4036,"1,738"
4037,"2,212"
4051,"4,425"
4053,"8,588"
4054,"2,989"
4055,"5,591"
4059,"1,355"
4060,"2,333"
4061,"4,022"
4062,1
4063,1
4064,"1,556"
4065,"1,871"
4066,"1,618"
4067,875
4068,"3,077"
4069,"8,535"
4070,"3,632"
4073,"2,498"
4074,"6,438"
4075,"4,694"
4076,"1,251"
4077,"5,920"
4078,"6,073"
4101,"1,762"
4102,869
4103,"1,903"
4104,972
4105,"2,247"
4106,534
4107,"1,486"
4108,"1,481"
4109,"8,735"
4110,"5,060"
4111,190
4112,"2,150"
4113,"6,097"
4114,"3,887"
4115,"5,319"
4116,"6,508"
4117,572
4118,"8,118"
4119,"1,836"
4120,"1,054"
4121,"4,777"
4122,"8,198"
4123,"6,069"
4124,"9,181"
4125,"3,597"
4127,"5,754"
4128,"4,417"
4129,"1,777"
4130,"2,651"
4131,"2,030"
4132,"5,002"
4133,"5,754"
4151,"2,131"
4152,"9,350"
4153,"1,095"
4154,"2,929"
4155,471
4156,953
4157,"5,322"
4158,819
4159,"4,245"
4160,"5,482"
4161,"4,480"
4163,"3,765"
4164,"4,915"
4165,"12,376"
4169,917
4170,"4,364"
4171,"2,697"
4172,988
4173,"2,038"
4174,836
4178,"5,560"
4179,"4,583"
4183,741
4184,"3,519"
4205,"1,700"
4207,"16,696"
4208,"6,822"
4209,"14,326"
4210,"6,388"
4211,"15,056"
4212,"9,346"
4213,"8,481"
4214,"9,400"
4215,"5,365"
4216,"8,106"
4217,"4,705"
4218,"5,593"
4219,20
4220,"6,389"
4221,"6,108"
4223,"3,703"
4224,"1,083"
4225,538
4226,"7,072"
4227,"4,405"
4228,"1,696"
4230,11
4237,1
4270,"1,410"
4271,358
4272,"2,055"
4275,"1,219"
4276,1
4280,"7,615"
4285,"6,805"
4287,220
4300,"16,985"
4301,"7,178"
4303,669
4304,"3,850"
4305,"13,806"
4306,"15,432"
4307,524
4309,"1,039"
4310,"1,953"
4311,"3,618"
4312,"1,192"
4313,798
4314,548
4340,"1,862"
4341,"5,740"
4342,866
4343,"3,590"
4344,780
4345,1
4346,385
4347,483
4350,"19,227"
4352,"9,033"
4353,109
4354,372
4355,827
4356,"1,192"
4357,695
4358,649
4359,381
4360,198
4361,687
4362,763
4363,196
4364,62
4365,178
4370,"4,568"
4371,234
4372,47
4373,270
4374,125
4375,55
4376,98
4377,191
4378,178
4380,"2,180"
4381,214
4382,161
4383,209
4384,6
4385,285
4387,267
4388,88
4390,"1,225"
4400,612
4401,"1,314"
4402,95
4403,208
4404,90
4405,"3,088"
4406,297
4407,128
4408,224
4410,369
4411,73
4412,59
4413,"1,668"
4415,465
4416,100
4417,179
4418,19
4419,206
4420,247
4421,538
4422,110
4423,40
4424,51
4425,40
4426,21
4427,98
4428,196
4454,247
4455,"1,946"
4461,12
4462,20
4465,397
4467,50
4468,101
4470,654
4472,285
4474,14
4475,3
4477,128
4478,129
4479,4
4480,195
4481,19
4482,35
4486,152
4487,734
4488,54
4489,22
4490,375
4491,24
4492,143
4493,9
4494,34
4496,66
4497,64
4498,22
4500,"11,722"
4501,"1,527"
4502,"2,252"
4503,"10,703"
4504,"6,442"
4505,"8,256"
4506,"6,810"
4507,"8,373"
4508,"4,376"
4509,"8,204"
4510,"15,202"
4511,"3,816"
4512,"1,251"
4513,40
4514,"2,812"
4515,"1,460"
4516,"1,609"
4517,280
4518,"2,032"
4519,"3,021"
4520,"4,545"
4521,"1,806"
4550,"1,603"
4551,"20,846"
4552,"3,589"
4553,"4,038"
4554,553
4555,"2,553"
4556,"12,947"
4557,"4,187"
4558,"4,047"
4559,"2,151"
4560,"10,486"
4561,"2,961"
4562,"2,941"
4563,"3,706"
4564,"3,258"
4565,"4,622"
4566,"2,821"
4567,"3,052"
4568,"1,298"
4569,550
4570,"15,587"
4571,280
4572,581
4573,"7,512"
4574,463
4575,"7,331"
4580,"2,663"
4581,641
4600,314
4601,275
4605,894
4606,668
4608,265
4610,"3,444"
4611,40
4612,73
4613,215
4614,396
4615,"2,155"
4620,117
4621,476
4625,695
4626,491
4627,187
4630,497
4650,"10,400"
4655,"22,781"
4659,"2,417"
4660,"3,174"
4662,226
4670,"24,110"
4671,"1,986"
4673,200
4674,519
4676,80
4677,"1,501"
4678,383
4680,"13,260"
4694,50
4695,309
4697,42
4699,118
4700,"3,262"
4701,"9,294"
4702,"6,602"
4703,"6,958"
4704,32
4705,71
4706,19
4707,49
4709,10
4710,"1,323"
4711,559
4712,48
4713,26
4714,739
4715,"1,318"
4716,167
4717,564
4718,523
4719,239
4720,"2,895"
4721,580
4722,371
4723,278
4724,113
4725,346
4726,82
4727,69
4728,66
4730,617
4731,56
4732,42
4733,31
4735,227
4736,20
4737,"2,165"
4738,331
4739,103
4740,"18,560"
4741,"1,964"
4742,169
4743,13
4744,666
4745,197
4746,33
4750,"1,460"
4751,"1,066"
4753,"1,169"
4754,581
4756,138
4757,78
4798,204
4799,463
4800,"3,519"
4802,"2,696"
4803,1
4804,531
4805,"2,920"
4806,"1,246"
4807,"3,142"
4808,363
4809,382
4810,"3,665"
4811,"3,093"
4812,"3,791"
4814,"10,682"
4815,"5,985"
4816,"2,873"
4817,"8,564"
4818,"9,615"
4819,888
4820,"2,061"
4821,381
4822,177
4823,152
4824,393
4825,"2,926"
4828,58
4829,177
4830,78
4849,461
4850,"2,609"
4852,"1,251"
4854,"1,092"
4855,181
4856,181
4857,3
4858,333
4859,101
4860,"1,830"
4861,270
4865,"2,261"
4868,"4,696"
4869,"4,879"
4870,"13,379"
4871,"2,007"
4872,"1,002"
4873,"1,836"
4874,26
4875,167
4876,37
4877,"1,291"
4878,"3,919"
4879,"6,123"
4880,"3,256"
4881,"1,074"
4882,808
4883,"1,519"
4884,606
4885,966
4886,156
4887,441
4888,622
4890,130
4891,103
4892,75
4895,615
5000,"1,336"
5001,13
5006,913
5007,"1,548"
5008,"2,843"
5009,"1,277"
5010,"1,445"
5011,"2,734"
5012,"2,404"
5013,"2,617"
5014,"2,680"
5015,"1,474"
5016,"2,286"
5017,"1,217"
5018,"1,697"
5019,"2,254"
5020,828
5021,"1,802"
5022,"4,062"
5023,"3,447"
5024,"3,395"
5025,"2,040"
5031,"1,991"
5032,"2,672"
5033,"1,626"
5034,"2,182"
5035,"1,160"
5037,"2,207"
5038,"3,276"
5039,"2,174"
5040,601
5041,"2,997"
5042,"2,551"
5043,"4,195"
5044,"2,724"
5045,"2,881"
5046,"2,080"
5047,"2,029"
5048,"3,789"
5049,"2,799"
5050,"1,549"
5051,"4,040"
5052,"1,570"
5061,"2,212"
5062,"3,792"
5063,"2,374"
5064,"2,496"
5065,"2,278"
5066,"3,050"
5067,"1,925"
5068,"2,510"
5069,"1,897"
5070,"3,195"
5071,3
5072,"3,312"
5073,"3,799"
5074,"3,120"
5075,"2,659"
5076,"2,394"
5081,"2,201"
5082,"3,234"
5083,"1,601"
5084,"1,812"
5085,"5,791"
5086,"4,306"
5087,"2,712"
5088,927
5089,"1,731"
5090,"2,040"
5091,"1,993"
5092,"4,525"
5093,"2,405"
5094,435
5095,"4,691"
5096,"3,740"
5097,"3,529"
5098,"3,491"
5106,124
5107,"4,576"
5108,"9,373"
5109,"5,352"
5110,"2,320"
5111,61
5112,"3,986"
5113,"3,794"
5114,"9,135"
5115,"3,208"
5116,"3,007"
5117,"2,497"
5118,"5,889"
5120,"1,840"
5121,976
5125,"5,260"
5126,"1,800"
5127,"2,035"
5131,319
5132,136
5133,128
5134,126
5136,160
5137,178
5138,105
5139,113
5140,140
5141,243
5142,190
5144,133
5150,26
5151,97
5152,"1,389"
5153,"2,196"
5154,782
5155,920
5156,205
5157,"1,073"
5158,"6,932"
5159,"8,937"
5160,404
5161,"2,811"
5162,"9,262"
5163,"3,965"
5164,"1,028"
5165,"1,186"
5166,488
5167,"1,793"
5168,"1,675"
5169,"5,728"
5170,415
5171,"2,255"
5172,"1,537"
5173,"4,040"
5174,992
5175,1
5201,803
5202,333
5203,518
5204,"1,897"
5207,1
5210,663
5211,"6,709"
5212,"1,019"
5213,662
5214,"4,614"
5220,48
5221,158
5222,379
5223,"1,077"
5231,393
5232,145
5233,466
5234,439
5235,887
5236,105
5237,126
5238,"2,085"
5240,207
5241,750
5242,507
5243,277
5244,"1,401"
5245,887
5250,"1,092"
5251,"6,208"
5252,"1,876"
5253,"5,540"
5254,"1,003"
5255,"3,490"
5256,695
5259,510
5260,558
5261,82
5262,85
5263,44
5264,414
5265,103
5266,182
5267,512
5268,891
5269,54
5270,167
5271,"1,640"
5272,162
5273,16
5275,731
5276,497
5277,618
5278,110
5279,106
5280,"1,856"
5290,"3,804"
5291,"2,141"
5301,152
5302,243
5303,40
5304,184
5306,18
5307,192
5308,32
5309,25
5310,13
5311,76
5312,1
5320,457
5321,146
5322,304
5330,"1,113"
5331,128
5332,155
5333,"1,870"
5340,444
5341,"2,320"
5342,365
5343,"1,392"
5344,262
5345,"1,118"
5346,96
5350,197
5351,"1,964"
5352,"1,752"
5353,"1,294"
5354,234
5355,"2,630"
5356,250
5357,260
5360,369
5371,622
5372,814
5373,"1,148"
5374,475
5381,118
5400,334
5401,214
5410,87
5411,92
5412,397
5413,253
5414,35
5415,88
5416,73
5417,456
5418,33
5419,61
5420,25
5421,43
5422,524
5431,303
5432,71
5433,488
5434,125
5440,42
5451,270
5452,162
5453,"1,538"
5454,103
5455,12
5460,230
5461,841
5462,154
5464,147
5470,35
5471,15
5472,62
5473,249
5480,318
5481,208
5482,170
5483,102
5485,218
5490,51
5491,600
5493,30
5495,275
5501,"3,352"
5502,503
5510,42
5520,187
5521,44
5522,755
5523,537
5540,"4,031"
5550,251
5552,90
5554,"1,605"
5555,210
5556,"1,959"
5558,"2,479"
5560,179
5570,311
5571,900
5572,54
5573,909
5575,"1,363"
5576,413
5577,246
5580,154
5581,384
5582,361
5583,506
5600,"2,063"
5601,91
5602,494
5603,166
5604,91
5605,615
5606,"3,148"
5607,"1,578"
5608,"2,757"
5609,440
5611,42
5630,28
5631,321
5632,55
5633,66
5640,355
5641,293
5642,54
5650,27
5651,29
5652,178
5653,14
5654,75
5655,21
5660,6
5661,29
5670,164
5671,58
5680,817
5690,820
5700,"2,722"
5701,14
5710,787
5713,5
5715,2
5717,16
5719,17
5720,11
5722,28
5723,94
5724,7
5725,399
5730,27
5731,62
5732,78
5733,27
5734,9
5875,1
5950,7
6000,622
6001,3
6003,218
6004,236
6005,251
6006,"1,375"
6007,997
6008,"2,020"
6009,"2,548"
6010,"2,950"
6011,"1,327"
6012,"1,315"
6013,1
6014,"3,324"
6015,"1,293"
6016,"1,450"
6017,637
6018,"7,284"
6019,"2,947"
6020,"4,764"
6021,"3,770"
6022,"1,291"
6023,"3,768"
6024,"3,451"
6025,"7,466"
6026,"6,175"
6027,"9,969"
6028,"6,035"
6029,524
6030,"10,023"
6031,"4,953"
6032,55
6033,143
6034,"1,757"
6035,"3,255"
6036,"3,964"
6037,"1,317"
6038,"3,672"
6041,643
6042,41
6043,112
6044,487
6050,"2,241"
6051,"1,334"
6052,"1,871"
6053,"2,902"
6054,"4,293"
6055,"10,468"
6056,"9,677"
6057,"4,158"
6058,"3,530"
6059,"4,515"
6060,"2,939"
6061,"5,004"
6062,"6,416"
6063,"3,714"
6064,"6,014"
6065,"18,468"
6066,"4,385"
6067,2
6068,24
6069,"13,012"
6070,917
6071,838
6072,240
6073,814
6074,303
6076,"5,424"
6077,604
6078,211
6079,5
6081,"1,198"
6082,861
6083,"1,147"
6084,"3,054"
6090,527
6100,"1,894"
6101,"2,641"
6102,"1,540"
6103,"1,196"
6104,"2,524"
6105,"2,582"
6106,301
6107,"9,183"
6108,"5,589"
6109,"3,098"
6110,"10,583"
6111,"5,706"
6112,"18,404"
6121,962
6122,"6,599"
6123,677
6124,350
6125,975
6126,71
6147,"3,267"
6148,"4,343"
6149,"4,760"
6150,"2,936"
6151,"2,127"
6152,"4,154"
6153,"3,960"
6154,"2,311"
6155,"13,735"
6156,"3,335"
6157,"2,371"
6158,"1,287"
6159,404
6160,"1,183"
6161,4
6162,"2,304"
6163,"11,392"
6164,"17,100"
6165,61
6166,"2,499"
6167,"7,128"
6168,"5,769"
6169,"9,333"
6170,"4,632"
6171,"11,659"
6172,"3,847"
6173,"3,304"
6174,"1,472"
6175,"1,131"
6176,575
6180,"2,197"
6181,177
6207,503
6208,"4,659"
6209,563
6210,"22,103"
6211,"2,926"
6213,199
6214,204
6215,"1,191"
6218,163
6219,32
6220,"1,129"
6221,61
6223,39
6224,310
6225,"2,155"
6226,295
6227,216
6228,36
6229,54
6230,"9,144"
6231,18
6232,"3,014"
6233,"5,327"
6236,649
6237,754
6239,"1,387"
6240,66
6243,8
6244,290
6251,118
6252,33
6253,218
6254,122
6255,"1,041"
6256,59
6258,965
6260,257
6262,162
6271,"1,046"
6275,437
6280,"7,836"
6281,"2,416"
6282,660
6284,640
6285,"1,996"
6286,391
6288,145
6290,409
6302,"1,115"
6304,553
6306,220
6308,375
6309,83
6311,136
6312,806
6313,59
6315,412
6316,81
6317,579
6318,76
6320,94
6321,63
6322,48
6323,212
6324,564
6326,85
6327,50
6328,58
6330,"5,049"
6331,2
6332,6
6333,"1,217"
6335,154
6336,62
6337,55
6338,138
6341,42
6343,22
6346,71
6348,179
6350,70
6351,8
6352,38
6353,139
6355,74
6356,22
6357,14
6358,9
6359,72
6361,18
6363,24
6365,121
6367,52
6368,14
6369,161
6370,81
6372,30
6373,12
6375,248
6383,217
6384,4
6385,5
6386,9
6390,421
6391,166
6392,86
6393,26
6394,42
6395,268
6396,37
6397,35
6398,121
6401,"1,698"
6403,47
6405,60
6407,200
6409,56
6410,200
6411,17
6412,11
6413,9
6414,6
6415,592
6418,210
6419,12
6420,7
6421,24
6422,6
6423,75
6424,12
6425,22
6426,179
6427,2
6428,17
6429,162
6430,"2,580"
6431,13
6432,943
6433,7
6434,16
6436,14
6437,190
6438,71
6440,32
6442,232
6443,90
6445,8
6446,8
6447,16
6448,17
6450,"1,277"
6452,1
6460,161
6461,113
6462,14
6463,2
6465,10
6466,14
6467,4
6468,39
6472,35
6473,9
6475,78
6476,11
6477,40
6479,125
6480,3
6484,12
6485,122
6487,6
6488,48
6489,15
6490,46
6501,348
6502,451
6503,787
6504,46
6505,30
6506,20
6507,156
6509,14
6510,384
6511,180
6512,13
6513,31
6514,249
6515,65
6516,754
6517,104
6518,53
6519,133
6521,99
6522,123
6525,"1,008"
6528,105
6530,"6,499"
6531,8
6532,"1,541"
6535,431
6536,418
6537,140
6556,538
6558,198
6560,351
6562,455
6564,114
6566,"1,208"
6567,148
6568,42
6569,72
6571,13
6572,10
6574,6
6575,19
6603,223
6605,1
6606,22
6608,20
6609,171
6612,38
6613,9
6614,4
6616,31
6620,72
6623,127
6625,9
6627,8
6628,8
6630,100
6631,7
6632,11
6635,22
6638,80
6639,29
6640,47
6642,94
6643,1
6646,16
6701,505
6705,24
6707,379
6710,310
6713,91
6714,"1,119"
6716,6
6718,63
6720,39
6721,239
6722,427
6725,965
6726,341
6728,283
6740,56
6743,442
6751,39
6753,135
6754,10
6758,16
6760,43
6765,48
6770,55
6798,185
6799,15
6872,1
6901,2
6902,1
6903,3
6904,2
6906,3
6907,2
6909,5
6910,2
6911,3
6912,4
6913,2
6914,4
6915,4
6916,3
6917,1
6918,3
6920,2
6921,8
6922,9
6923,6
6924,5
6926,8
6929,2
6931,3
6933,6
6934,3
6935,3
6941,1
6943,3
6944,4
6946,5
6947,1
6951,2
6952,4
6953,6
6954,4
6955,15
6956,1
6957,3
6959,5
6963,4
6964,7
6966,5
6968,7
6979,4
6981,4
6982,3
6984,3
6985,5
6988,3
6989,4
6990,4
6991,6
6992,8
7000,"1,263"
7001,6
7002,3
7004,787
7005,"1,148"
7006,10
7007,429
7008,"1,218"
7009,"1,061"
7010,"1,326"
7011,"1,470"
7012,123
7015,"1,221"
7016,228
7017,"1,024"
7018,"2,603"
7019,755
7020,454
7021,342
7022,160
7023,82
7024,98
7025,327
7026,174
7027,42
7030,"1,969"
7050,"1,698"
7051,25
7052,980
7053,487
7054,"1,401"
7055,72
7109,"1,447"
7112,646
7113,195
7116,408
7117,181
7119,4
7120,221
7140,"1,252"
7150,657
7155,222
7162,137
7163,87
7170,933
7171,439
7172,581
7173,"1,242"
7174,31
7175,34
7176,17
7177,74
7178,72
7179,89
7180,34
7182,56
7183,2
7184,187
7185,31
7186,37
7187,21
7190,765
7209,59
7210,116
7211,14
7212,274
7213,44
7214,87
7215,845
7216,770
7248,"1,369"
7249,"1,260"
7250,"5,472"
7252,573
7253,717
7254,82
7255,273
7256,329
7257,2
7258,155
7259,80
7260,424
7261,45
7262,292
7263,75
7264,92
7265,29
7267,146
7268,176
7270,935
7275,611
7276,86
7277,"1,055"
7290,319
7291,102
7292,71
7300,512
7301,641
7302,182
7303,429
7304,945
7305,179
7306,621
7307,"1,547"
7310,"2,856"
7315,"1,853"
7316,820
7320,"1,435"
7321,626
7322,426
7325,"1,085"
7330,642
7331,67
7466,6
7467,151
7468,63
7469,80
7470,76
7802,1
8576,2
9729,1
