Small unit postcode,Total usable capacity in kWh
800,25
810,"3,476.92"
812,"1,646.50"
820,"1,759.80"
822,"1,195.24"
828,492.27
829,23.4
830,"1,861.67"
832,"2,243.80"
834,393.24
835,597.35
836,"1,065.10"
837,40
838,149.8
840,286.94
841,46.8
845,78
846,27.36
847,11.07
850,435.5
852,307.36
860,76
870,"1,528.52"
872,511.119
873,527.67
874,9.33
875,44.7
880,111.04
886,48.24
2000,57.962
2008,195.604
2009,9.7
2010,547.564
2011,46.8
2015,"1,326.62"
2016,246.914
2017,142.12
2018,"2,307.59"
2019,"2,093.41"
2020,"2,193.94"
2021,802.628
2022,"1,060.21"
2023,"1,552.04"
2024,"1,748.11"
2025,464.349
2026,"2,506.95"
2027,347.9
2028,340.36
2029,"1,237.00"
2030,"3,177.36"
2031,"3,928.83"
2032,"2,519.81"
2033,"1,561.98"
2034,"2,669.58"
2035,"6,689.76"
2036,"7,110.28"
2037,"1,209.35"
2038,"1,181.12"
2039,894.053
2040,"4,044.14"
2041,"1,907.71"
2042,"1,453.09"
2043,603.634
2044,"1,783.96"
2045,"2,641.91"
2046,"6,035.26"
2047,"1,819.11"
2048,"1,158.64"
2049,"1,562.97"
2050,215.21
2060,726.944
2061,111.92
2062,"1,078.65"
2063,"2,761.36"
2064,"1,265.02"
2065,"4,294.53"
2066,"9,726.40"
2067,"5,944.67"
2068,"6,306.84"
2069,"6,897.21"
2070,"6,710.71"
2071,"8,183.76"
2072,"3,142.67"
2073,"9,152.21"
2074,"13,632.73"
2075,"13,423.34"
2076,"12,662.37"
2077,"13,049.04"
2079,"4,691.04"
2080,586.632
2081,"3,520.53"
2082,"3,080.83"
2083,790.718
2084,"2,059.17"
2085,"6,957.69"
2086,"5,308.95"
2087,"6,941.11"
2088,"5,424.15"
2089,381.36
2090,"1,107.44"
2092,"3,654.09"
2093,"7,771.53"
2094,"1,493.52"
2095,"2,290.41"
2096,"3,709.44"
2097,"3,982.16"
2099,"7,921.03"
2100,"7,353.60"
2101,"4,958.18"
2102,"2,176.85"
2103,"3,861.79"
2104,"2,125.13"
2105,586.638
2106,"3,134.10"
2107,"4,474.32"
2108,683.41
2110,"3,726.52"
2111,"5,435.10"
2112,"12,476.91"
2113,"8,590.46"
2114,"7,314.55"
2115,"4,548.32"
2116,"2,911.37"
2117,"10,416.68"
2118,"16,480.16"
2119,"8,079.61"
2120,"10,659.00"
2121,"17,736.79"
2122,"14,196.26"
2125,"16,745.79"
2126,"15,543.39"
2127,"1,964.70"
2128,514.08
2130,978.17
2131,"2,956.17"
2132,"2,729.94"
2133,"2,640.63"
2134,"2,582.79"
2135,"9,967.04"
2136,"2,767.60"
2137,"7,419.93"
2138,"3,753.97"
2140,"1,061.03"
2141,"7,328.09"
2142,"3,763.59"
2143,"2,971.24"
2144,"7,035.78"
2145,"30,244.97"
2146,"8,975.95"
2147,"17,187.33"
2148,"23,925.74"
2150,"1,592.89"
2151,"7,921.27"
2152,"3,807.36"
2153,"45,905.37"
2154,"32,985.90"
2155,"71,540.29"
2156,"11,077.88"
2157,"3,224.64"
2158,"6,776.66"
2159,"3,334.12"
2160,"7,111.90"
2161,"7,147.39"
2162,"5,706.36"
2163,"2,321.57"
2164,"7,224.27"
2165,"10,144.83"
2166,"17,852.88"
2167,"5,365.55"
2168,"12,899.76"
2170,"35,951.99"
2171,"18,740.29"
2172,"1,799.73"
2173,"6,989.99"
2174,"9,778.84"
2175,"1,029.70"
2176,"19,155.07"
2177,"6,566.98"
2178,"2,419.32"
2179,"19,083.21"
2190,"6,734.29"
2191,"1,338.15"
2192,"1,901.04"
2193,"3,517.54"
2194,"2,606.67"
2195,"2,214.61"
2196,"6,509.26"
2197,"2,684.20"
2198,"2,842.67"
2199,"4,702.23"
2200,"8,631.71"
2203,"1,561.68"
2204,"4,266.63"
2205,"2,447.73"
2206,"5,541.92"
2207,"7,494.76"
2208,"3,902.12"
2209,"6,202.99"
2210,"10,540.95"
2211,"7,055.45"
2212,"6,943.69"
2213,"10,666.95"
2214,"1,532.42"
2216,"4,448.08"
2217,"4,772.71"
2218,"3,166.94"
2219,"3,032.01"
2220,"8,089.55"
2221,"7,338.36"
2222,"2,575.57"
2223,"7,931.39"
2224,"5,011.92"
2225,"2,373.46"
2226,"4,701.29"
2227,"4,408.26"
2228,"5,080.30"
2229,"8,297.44"
2230,"6,680.69"
2231,504.804
2232,"10,382.91"
2233,"10,576.22"
2234,"16,184.56"
2250,"22,399.03"
2251,"12,941.06"
2256,"4,451.74"
2257,"9,884.64"
2258,"2,432.56"
2259,"24,052.57"
2260,"9,216.91"
2261,"14,683.66"
2262,"4,402.20"
2263,"5,386.90"
2264,"6,050.80"
2265,"4,169.36"
2267,705.089
2278,820.074
2280,"9,124.95"
2281,"5,503.66"
2282,"7,016.14"
2283,"8,808.97"
2284,"5,508.51"
2285,"9,962.55"
2286,"1,257.52"
2287,"11,277.61"
2289,"5,659.97"
2290,"9,411.28"
2291,"4,546.63"
2292,788.958
2293,486.35
2294,367.853
2295,"2,758.52"
2296,164.87
2297,417.456
2298,"1,659.33"
2299,"3,087.70"
2300,"1,860.41"
2303,"3,185.70"
2304,"3,868.94"
2305,"5,039.95"
2306,110.92
2307,958.116
2311,296.91
2312,381.869
2315,"4,789.33"
2316,"2,355.13"
2317,"2,199.38"
2318,"6,971.55"
2319,"2,066.97"
2320,"14,660.57"
2321,"9,830.62"
2322,"9,893.55"
2323,"7,285.02"
2324,"8,819.49"
2325,"10,061.08"
2326,"2,944.12"
2327,"1,451.52"
2328,834.468
2329,461.67
2330,"7,526.60"
2333,"3,779.57"
2334,"1,340.49"
2335,"4,187.67"
2336,926.298
2337,"2,404.55"
2338,232.514
2339,116.98
2340,"12,663.03"
2341,600.48
2342,136.7
2343,"1,206.80"
2344,237.66
2345,131.491
2346,624.516
2347,222.825
2350,"5,875.64"
2352,541.292
2353,127.45
2354,727.679
2355,63.34
2356,47
2357,729.666
2358,"1,271.30"
2359,311.35
2360,"2,857.31"
2361,264.65
2365,921.83
2369,170.559
2370,"1,851.53"
2371,439.024
2372,"1,583.34"
2379,203.89
2380,"2,801.65"
2381,303.93
2382,227.71
2386,9.5
2387,66.24
2388,250.42
2390,"1,974.95"
2395,98.294
2396,61.88
2397,112
2398,89.6
2399,61.3
2400,"2,068.32"
2401,182.96
2402,396.98
2403,220.284
2404,308.682
2405,40.96
2406,67.65
2409,161.6
2415,224.8
2420,"1,286.47"
2421,"1,021.79"
2422,"1,910.74"
2423,"1,223.10"
2424,171.78
2425,953.872
2426,212.809
2427,"1,233.67"
2428,"5,977.17"
2429,"2,125.20"
2430,"8,350.23"
2431,"1,531.83"
2439,"1,784.77"
2440,"4,224.51"
2441,"1,417.73"
2443,"2,621.25"
2444,"13,097.49"
2445,"2,870.15"
2446,"4,312.98"
2447,"2,580.53"
2448,"2,004.73"
2449,495.404
2450,"12,507.79"
2452,"3,099.98"
2453,993.358
2454,"2,354.78"
2455,"1,187.49"
2456,"5,430.56"
2460,"8,079.58"
2462,"1,087.53"
2463,"3,595.98"
2464,"3,211.98"
2465,65.056
2466,482.838
2469,"2,096.48"
2470,"5,243.65"
2471,"1,175.40"
2472,932.131
2473,"1,519.98"
2474,"3,033.80"
2475,101.8
2476,149.54
2477,"5,931.49"
2478,"13,663.85"
2479,"4,478.64"
2480,"21,059.84"
2481,"5,953.02"
2482,"4,561.73"
2483,"5,867.68"
2484,"8,455.76"
2485,"2,666.94"
2486,"11,552.49"
2487,"6,732.98"
2488,"1,481.58"
2489,"3,293.95"
2490,129.27
2500,"6,394.43"
2502,"2,555.16"
2505,"1,792.57"
2506,"1,745.28"
2508,"3,807.78"
2515,"5,461.38"
2516,"2,738.63"
2517,"3,969.88"
2518,"4,201.71"
2519,"4,935.58"
2525,"5,437.24"
2526,"6,327.22"
2527,"11,045.88"
2528,"4,821.85"
2529,"8,533.17"
2530,"13,470.48"
2533,"8,887.15"
2534,"2,350.62"
2535,"4,455.37"
2536,"6,357.37"
2537,"3,770.68"
2538,"1,182.54"
2539,"6,488.53"
2540,"19,561.11"
2541,"7,479.51"
2545,496.74
2546,"2,935.46"
2548,"2,292.51"
2549,"1,073.04"
2550,"5,529.51"
2551,972.52
2556,521.679
2557,"14,324.70"
2558,"4,137.44"
2559,"1,440.44"
2560,"30,151.79"
2563,"1,406.29"
2564,"5,120.70"
2565,"19,579.11"
2566,"13,049.02"
2567,"19,232.74"
2568,"1,124.92"
2569,"1,263.96"
2570,"31,511.69"
2571,"7,695.53"
2572,"2,030.86"
2573,"1,866.71"
2574,"2,198.68"
2575,"8,391.19"
2576,"6,909.05"
2577,"9,404.56"
2578,"1,682.62"
2579,"3,240.70"
2580,"10,476.96"
2581,"1,357.40"
2582,"6,636.38"
2583,"1,981.38"
2584,326.35
2585,108.82
2586,"1,574.81"
2587,"1,850.96"
2588,231.29
2590,"1,703.84"
2594,"2,603.57"
2600,"2,611.65"
2602,"8,078.74"
2603,"3,273.97"
2604,"1,857.84"
2605,"2,965.84"
2606,"2,571.35"
2607,"4,690.60"
2609,132.63
2611,"18,690.12"
2612,"1,977.10"
2614,"6,348.74"
2615,"14,909.86"
2617,"7,923.38"
2618,713.456
2619,"4,362.74"
2620,"20,823.67"
2621,"4,033.05"
2622,"3,739.44"
2623,101.28
2626,269.44
2627,"2,567.39"
2628,537.262
2629,76.26
2630,"2,309.80"
2631,142.06
2632,399.31
2633,10.2
2640,"16,034.17"
2641,"4,385.86"
2642,"3,447.12"
2643,"1,100.49"
2644,"1,398.80"
2645,127.89
2646,"1,868.88"
2647,863.36
2648,594.116
2650,"17,565.53"
2651,417.474
2652,"1,334.22"
2653,430.368
2655,569.203
2656,370.28
2658,540.066
2659,448.076
2660,399.616
2661,23.4
2663,742.19
2665,326.78
2666,"1,501.38"
2668,38.128
2669,606.32
2671,"1,406.25"
2672,586.03
2675,462.1
2680,"8,227.17"
2681,553.06
2700,"1,723.04"
2701,789.79
2702,305.646
2703,317.18
2705,"3,992.84"
2706,560.39
2707,276.536
2710,"2,160.70"
2711,"1,233.26"
2712,491.72
2713,786.794
2714,941.045
2715,125.45
2716,558.683
2717,101.94
2720,"2,578.03"
2721,43.88
2722,"1,124.44"
2725,107.088
2727,48.3
2729,902.295
2730,263.17
2731,"2,276.97"
2732,828.2
2733,114.96
2734,117
2735,44.8
2737,51.2
2738,417.44
2739,211.92
2745,"17,942.54"
2747,"24,380.49"
2748,981.02
2749,"7,006.82"
2750,"16,210.85"
2752,"3,632.36"
2753,"7,135.51"
2754,"4,323.45"
2756,"15,595.58"
2757,546.61
2758,"5,554.55"
2759,"12,068.62"
2760,"10,399.23"
2761,"19,442.35"
2762,"20,872.79"
2763,"22,887.26"
2765,"73,347.67"
2766,"5,950.51"
2767,"11,609.99"
2768,"23,700.28"
2769,"18,557.42"
2770,"14,297.10"
2773,"3,684.87"
2774,"6,514.73"
2775,816.011
2776,"2,247.02"
2777,"8,743.15"
2778,"1,119.30"
2779,"1,760.34"
2780,"6,325.47"
2782,"3,623.92"
2783,"1,154.21"
2784,463.61
2785,"3,162.83"
2786,737.847
2787,"1,147.56"
2790,"5,087.77"
2791,93.72
2792,214.24
2793,382.8
2794,"3,526.57"
2795,"16,678.23"
2797,80.93
2798,"1,274.58"
2799,"1,507.31"
2800,"16,924.52"
2803,135.14
2804,940.809
2805,61.13
2806,139.34
2807,147.274
2808,102.49
2809,43.84
2810,"1,018.94"
2817,24
2818,312.758
2820,"3,070.49"
2821,"1,007.54"
2822,195.37
2823,472.32
2824,689.918
2825,931.46
2826,46
2827,"1,125.26"
2828,452.42
2829,666.62
2830,"12,189.11"
2831,881.61
2832,517.662
2833,80.958
2834,181.699
2835,"1,468.36"
2836,105.29
2839,40.02
2840,363.76
2842,312.09
2843,352.14
2844,936.842
2845,624.12
2846,137.849
2847,"1,411.58"
2848,207.208
2849,818.319
2850,"6,465.58"
2852,849.638
2864,431.394
2865,218.444
2866,"1,177.01"
2867,156.666
2868,186.376
2869,575.066
2870,"3,410.09"
2871,"1,583.57"
2873,79.88
2874,64.87
2875,210.21
2876,77.81
2877,"1,127.12"
2878,25.6
2879,316.682
2880,"6,263.31"
2899,"2,520.80"
2900,234.005
2902,"5,002.00"
2903,"3,069.87"
2904,"4,065.06"
2905,"7,534.60"
2906,"5,203.49"
2911,"2,273.61"
2912,"1,827.76"
2913,"16,527.06"
2914,"14,339.27"
3002,58.2
3003,192.816
3006,41.93
3008,84.964
3011,"1,993.17"
3012,"3,326.68"
3013,"2,536.50"
3015,"2,357.78"
3016,"1,823.90"
3018,"2,405.16"
3019,"1,476.01"
3020,"6,214.12"
3021,"7,008.74"
3022,167.26
3023,"14,028.70"
3024,"16,334.07"
3025,"1,790.88"
3026,"2,585.44"
3027,"4,248.58"
3028,"4,507.12"
3029,"59,962.57"
3030,"43,244.38"
3031,937.454
3032,"3,618.61"
3033,"2,201.48"
3034,"2,212.90"
3036,910.552
3037,"10,056.63"
3038,"5,156.43"
3039,"1,368.70"
3040,"3,140.16"
3041,"1,632.01"
3042,"1,794.73"
3043,"2,115.66"
3044,"3,520.06"
3046,"3,172.14"
3047,"1,717.17"
3048,"2,683.13"
3049,"1,628.78"
3051,356.709
3052,341.64
3053,242.66
3054,494.818
3055,"1,387.75"
3056,"1,722.60"
3057,815.664
3058,"4,388.03"
3059,"7,125.89"
3060,"1,384.10"
3061,748.02
3062,70.4
3063,95.5
3064,"35,326.62"
3065,370.344
3066,165.93
3067,289.421
3068,"1,788.41"
3070,"2,890.55"
3071,"1,698.12"
3072,"3,310.23"
3073,"4,966.07"
3074,"2,215.01"
3075,"2,976.59"
3076,"6,569.23"
3078,"2,033.97"
3079,"2,958.54"
3081,"1,508.58"
3082,"6,059.19"
3083,"5,807.95"
3084,"4,972.24"
3085,"2,182.51"
3087,"1,341.80"
3088,"5,177.98"
3089,"2,775.88"
3090,765.304
3091,659.89
3093,985.658
3094,"1,653.55"
3095,"6,590.01"
3096,489.648
3097,677.95
3099,808.534
3101,"3,387.78"
3102,"1,371.66"
3103,"3,925.42"
3104,"6,946.62"
3105,"2,415.98"
3106,"6,874.22"
3107,"3,238.25"
3108,"6,290.20"
3109,"8,649.61"
3111,"4,803.54"
3113,"3,165.47"
3114,"1,616.25"
3115,"1,089.17"
3116,"2,779.71"
3121,"1,407.43"
3122,"1,462.48"
3123,"1,624.95"
3124,"4,435.35"
3125,"3,798.11"
3126,"1,994.82"
3127,"3,967.47"
3128,"3,911.96"
3129,"4,026.68"
3130,"8,877.87"
3131,"5,348.71"
3132,"3,748.11"
3133,"9,203.33"
3134,"8,329.91"
3135,"5,515.38"
3136,"8,794.63"
3137,"2,655.63"
3138,"4,572.65"
3139,"2,704.31"
3140,"3,864.94"
3141,630.63
3142,"1,253.95"
3143,311.034
3144,"1,065.86"
3145,"3,545.33"
3146,"5,421.14"
3147,"3,821.73"
3148,"1,804.45"
3149,"13,484.03"
3150,"26,618.71"
3151,"3,124.54"
3152,"12,596.94"
3153,"5,178.67"
3154,920.804
3155,"4,944.64"
3156,"10,525.30"
3158,"1,530.03"
3159,571.89
3160,"2,054.57"
3161,"1,915.02"
3162,"2,853.28"
3163,"3,809.31"
3165,"5,708.39"
3166,"4,399.83"
3167,"2,807.19"
3168,"2,216.60"
3169,"4,195.47"
3170,"6,444.98"
3171,"4,616.70"
3172,"5,294.32"
3173,"11,796.04"
3174,"6,128.48"
3175,"9,773.91"
3177,"1,809.51"
3178,"12,117.66"
3179,"2,756.02"
3180,"2,296.85"
3181,487.698
3182,548.058
3183,793.986
3184,"1,112.34"
3185,"1,664.00"
3186,"3,440.58"
3187,"2,962.55"
3188,"3,151.26"
3189,"1,152.32"
3190,"1,482.30"
3191,"1,565.64"
3192,"3,837.08"
3193,"5,162.30"
3194,"2,070.24"
3195,"8,233.97"
3196,"3,527.57"
3197,"2,365.24"
3198,"2,608.10"
3199,"7,839.70"
3200,479.71
3201,"3,392.49"
3202,441.792
3204,"6,045.47"
3205,210.63
3206,511.094
3207,768.648
3211,274.256
3212,"4,275.39"
3213,"1,804.96"
3214,"2,612.11"
3215,"2,454.92"
3216,"9,545.29"
3217,"4,850.47"
3218,"2,212.18"
3219,"2,334.29"
3220,"2,442.06"
3221,320.14
3222,"4,931.46"
3223,"3,141.29"
3224,"2,785.76"
3225,"2,117.49"
3226,"4,140.69"
3227,"1,651.33"
3228,"5,878.15"
3230,"1,242.32"
3231,646.49
3232,259.02
3233,831.446
3234,249.06
3235,279.58
3236,87.88
3237,147.36
3238,54.72
3240,758.04
3241,918.262
3242,363.11
3243,27.96
3249,727.59
3250,"1,340.79"
3251,76
3254,29.184
3260,694.2
3264,443.712
3265,406.79
3266,750.11
3267,68.88
3268,615.839
3269,216.4
3270,64
3271,37
3272,70.29
3273,18.8
3274,93.788
3275,37.2
3277,306.44
3278,168.16
3279,82.8
3280,"3,469.78"
3281,418.109
3282,468.47
3283,347.536
3284,360.05
3285,269.08
3286,26.68
3287,64.8
3289,55
3294,146.53
3300,650.708
3301,140.168
3304,148.16
3305,915.44
3310,26.68
3311,153.24
3312,102.031
3314,32
3315,106.5
3318,118.98
3321,720.534
3322,30
3323,36.48
3324,18.64
3325,33.48
3328,828.708
3329,41.6
3330,15
3331,"1,946.99"
3332,250.95
3333,136.54
3334,120.3
3335,"6,750.54"
3336,"12,664.26"
3337,"6,797.13"
3338,"11,358.59"
3340,"6,110.08"
3341,487.73
3342,"1,094.31"
3345,381.908
3350,"10,241.00"
3351,"2,169.16"
3352,"4,600.51"
3355,"1,464.28"
3356,"1,565.63"
3357,820.974
3358,"1,187.66"
3360,194.88
3361,41.93
3363,696.911
3364,631.14
3370,178.88
3371,263.238
3373,759.164
3374,104.08
3375,156.96
3377,"1,235.88"
3379,169.2
3380,670.168
3381,244.66
3384,167.68
3385,118.43
3388,56.4
3390,63.42
3392,43
3393,419.66
3395,39
3396,168.73
3400,891.66
3401,660.338
3407,46.8
3409,211.36
3412,9.2
3414,271.91
3418,198.55
3420,43.568
3423,42.04
3424,173.15
3427,"1,991.45"
3428,278.826
3429,"11,116.62"
3430,150.01
3431,"1,378.35"
3432,23.4
3433,32.16
3434,"1,299.04"
3435,"1,045.58"
3437,"3,181.30"
3438,997.28
3440,678.41
3441,461.9
3442,"3,242.79"
3444,"2,199.80"
3446,288.84
3447,165.11
3448,164.95
3450,"1,471.86"
3451,"1,653.38"
3453,395.31
3458,743.73
3460,854.35
3461,"1,762.95"
3462,469.07
3463,655.892
3464,185.316
3465,"1,639.23"
3467,352.254
3468,76.08
3469,79.53
3472,399.14
3475,82.57
3477,172.02
3478,598.034
3480,278.304
3482,60.8
3483,212.16
3485,13.34
3490,137.448
3494,110.9
3496,551.426
3498,983.59
3500,"2,588.58"
3501,460.55
3505,498.62
3512,16
3515,988.92
3516,64.9
3517,514.42
3518,187.41
3521,129.74
3522,145.439
3523,"1,158.81"
3525,69.28
3527,137.5
3529,57.53
3530,104.68
3531,56.4
3533,173.492
3537,276
3540,26.68
3542,18.4
3546,30
3549,284.51
3550,"6,061.42"
3551,"10,053.16"
3555,"2,465.21"
3556,"2,017.36"
3557,167.3
3558,174.32
3559,79.5
3561,567.156
3562,103.7
3563,166.58
3564,"3,143.33"
3565,19.2
3566,72.97
3567,149.4
3568,532.06
3570,173.65
3572,18.43
3573,117.1
3575,44.3
3579,489.78
3580,103.66
3581,11.04
3583,82.8
3584,116.1
3585,"1,798.89"
3586,226.2
3588,46.17
3589,85.8
3590,32
3591,27.2
3594,64.906
3595,31.2
3608,421.806
3610,249.562
3612,207.78
3614,212.04
3616,"1,395.33"
3617,13.5
3618,181
3620,"1,425.89"
3621,503.052
3622,28.3
3623,196.22
3624,154.4
3629,"1,148.28"
3630,"4,328.35"
3631,"4,498.91"
3633,214.515
3634,387.21
3635,47.52
3636,749.37
3637,126.906
3638,588.384
3639,46.2
3640,291.05
3641,275.98
3644,"1,733.80"
3646,209.33
3649,32.61
3658,"1,394.30"
3659,279.498
3660,"1,691.21"
3663,88.4
3664,621.682
3665,123.2
3666,"1,491.32"
3669,444.09
3670,435.454
3672,"3,225.57"
3673,"1,050.46"
3675,800.54
3677,"4,273.89"
3678,"3,295.69"
3682,258.66
3683,584.59
3685,863.272
3687,260.7
3688,666.59
3690,"8,020.19"
3691,"4,712.82"
3695,269.57
3697,353.904
3698,438.93
3699,140.4
3700,545.28
3701,641.64
3705,46.32
3707,265.59
3708,15.6
3709,84.64
3711,227.75
3712,48.3
3713,151.14
3714,"1,329.51"
3715,225.27
3717,"1,255.77"
3718,35.643
3719,289.42
3720,477.96
3722,"2,311.54"
3723,"1,267.39"
3725,226.16
3726,168.199
3727,97
3728,109.56
3730,"2,364.59"
3732,143.29
3733,122.24
3735,162.39
3737,"1,258.07"
3738,19.2
3739,31.2
3740,465.9
3741,"1,355.18"
3744,208.52
3746,79.359
3747,"2,186.28"
3749,923.36
3750,"12,386.04"
3751,135.914
3752,"6,431.33"
3753,"3,431.51"
3754,"14,821.25"
3755,167.72
3756,"4,092.04"
3757,"2,562.06"
3758,496.8
3759,271.9
3761,333.204
3762,112.3
3763,879.271
3764,"1,927.93"
3765,"1,009.34"
3766,430.22
3767,280.48
3770,"1,006.78"
3775,940.639
3777,"2,138.92"
3778,19.8
3779,58.94
3781,681.29
3782,"1,807.33"
3783,593.28
3786,542.44
3787,114
3788,186.652
3789,19.2
3791,338.899
3792,117.28
3793,844.684
3795,295.4
3796,"1,583.09"
3797,389.392
3799,770.19
3802,"7,297.75"
3803,"3,044.89"
3804,"4,105.43"
3805,"17,320.95"
3806,"22,088.83"
3807,"2,452.21"
3808,"1,091.47"
3809,"9,098.15"
3810,"13,061.91"
3812,568.08
3813,245.658
3814,437.247
3815,873.158
3816,636.762
3818,"5,163.41"
3820,"4,348.17"
3821,"1,005.26"
3822,301.3
3823,506.26
3824,"1,655.42"
3825,"4,027.68"
3831,622.26
3832,101.4
3833,42.28
3835,219.9
3840,"2,266.24"
3842,958.822
3844,"5,691.82"
3847,641.906
3850,"2,368.26"
3851,"1,783.57"
3852,15.6
3854,506.894
3856,214.89
3857,163.5
3858,807.968
3859,140.6
3860,"1,129.11"
3862,887.86
3864,109.2
3865,91.37
3869,585.202
3870,105.346
3871,975.772
3873,63.16
3874,212.44
3875,"3,573.78"
3878,390.37
3880,"1,118.96"
3882,450.59
3885,407.46
3886,94.44
3887,9.6
3888,562.56
3889,46.56
3890,59.78
3891,31.2
3892,223.93
3895,60.6
3896,33.57
3898,9.12
3900,77.42
3902,125.449
3903,167.65
3904,501.46
3909,"1,208.07"
3910,"4,177.86"
3911,"1,115.55"
3912,"3,755.25"
3913,"1,119.84"
3915,"1,793.14"
3916,785.284
3918,"1,078.83"
3919,498.54
3921,130
3922,"2,937.85"
3923,181.68
3925,"1,368.76"
3926,"1,080.64"
3927,594.96
3928,280.9
3929,679.36
3930,"4,832.83"
3931,"4,823.76"
3933,433.638
3934,"4,580.57"
3936,"2,680.88"
3937,651.08
3938,984.62
3939,"3,416.60"
3940,529.552
3941,"3,599.27"
3942,"1,116.05"
3943,713.07
3944,694.74
3945,262.24
3946,82.28
3950,945.3
3951,324.802
3953,"2,182.90"
3954,51.5
3956,"1,087.10"
3957,19.32
3958,115.2
3959,519.75
3960,830.8
3962,168.9
3964,133.93
3965,183.76
3966,87.44
3971,716.46
3975,"8,597.52"
3976,"6,055.81"
3977,"33,652.27"
3978,"26,728.51"
3979,210.9
3980,781.786
3981,"1,426.59"
3984,"2,832.34"
3987,517.986
3988,125.08
3990,77.08
3991,52.12
3992,364.43
3995,"3,702.11"
3996,"1,971.73"
4000,677.55
4005,"1,447.36"
4006,923.628
4007,"3,129.84"
4008,67.2
4009,50.4
4010,369.53
4011,"2,757.53"
4012,"5,442.35"
4013,"1,388.43"
4014,"4,736.91"
4017,"10,451.57"
4018,"2,379.43"
4019,"3,873.83"
4020,"6,849.24"
4021,"1,580.92"
4022,"1,596.40"
4025,480.992
4030,"3,250.38"
4031,"3,244.57"
4032,"2,563.95"
4034,"10,975.15"
4035,"13,456.02"
4036,"1,870.57"
4037,"4,139.49"
4051,"7,547.83"
4053,"12,271.38"
4054,"2,825.98"
4055,"8,355.45"
4059,"2,639.93"
4060,"3,660.46"
4061,"6,506.80"
4064,"2,914.75"
4065,"4,088.66"
4066,"3,215.53"
4067,"2,085.09"
4068,"8,018.98"
4069,"21,461.42"
4070,"6,983.32"
4073,"4,314.38"
4074,"10,934.39"
4075,"8,642.14"
4076,"1,378.43"
4077,"8,631.06"
4078,"9,503.54"
4101,"3,110.67"
4102,"1,667.91"
4103,"3,035.32"
4104,"2,107.77"
4105,"2,900.26"
4106,342.44
4107,"2,278.32"
4108,"3,188.39"
4109,"19,353.50"
4110,"12,379.15"
4111,145.51
4112,"4,800.75"
4113,"12,322.63"
4114,"2,896.82"
4115,"10,740.95"
4116,"13,975.24"
4117,788.246
4118,"10,124.76"
4119,"3,750.83"
4120,"1,478.90"
4121,"9,569.70"
4122,"15,393.30"
4123,"13,939.79"
4124,"15,016.77"
4125,"4,898.66"
4127,"7,342.12"
4128,"6,979.28"
4129,"1,865.56"
4130,"4,283.82"
4131,"2,256.40"
4132,"4,666.66"
4133,"8,712.49"
4151,"3,861.29"
4152,"16,472.91"
4153,"1,883.52"
4154,"5,596.16"
4155,"1,516.00"
4156,"2,791.99"
4157,"7,352.63"
4158,954.976
4159,"5,551.91"
4160,"7,892.16"
4161,"6,118.77"
4163,"6,156.03"
4164,"8,879.30"
4165,"19,557.92"
4169,"1,176.72"
4170,"7,746.14"
4171,"4,677.95"
4172,"1,779.10"
4173,"1,964.06"
4174,"1,818.61"
4178,"6,692.85"
4179,"5,957.22"
4183,955.757
4184,"4,172.60"
4205,"2,219.93"
4207,"23,438.15"
4208,"10,933.83"
4209,"25,485.22"
4210,"11,736.11"
4211,"23,906.96"
4212,"18,406.22"
4213,"17,957.79"
4214,"14,743.23"
4215,"6,576.32"
4216,"12,315.56"
4217,"9,676.20"
4218,"8,734.36"
4220,"9,601.85"
4221,"7,826.00"
4223,"6,425.27"
4224,"1,386.29"
4225,"1,005.74"
4226,"9,936.75"
4227,"7,450.27"
4228,"3,989.79"
4270,"2,486.87"
4271,16
4272,"5,109.53"
4275,"2,046.93"
4280,"12,429.89"
4285,"10,238.58"
4287,349.564
4300,"29,518.24"
4301,"10,212.82"
4303,800.728
4304,"4,132.88"
4305,"14,078.04"
4306,"27,240.47"
4307,841.084
4309,"1,466.69"
4310,"2,335.09"
4311,"4,483.93"
4312,"1,074.41"
4313,520.76
4314,"1,288.64"
4340,"2,542.70"
4341,"8,875.94"
4342,"1,146.39"
4343,"4,388.27"
4344,"1,306.88"
4346,617.65
4347,967.44
4350,"15,047.89"
4352,"10,675.12"
4353,107.56
4354,292.04
4355,635.969
4356,639.834
4357,"1,002.60"
4358,681.692
4359,484.4
4360,96.53
4361,186.76
4362,453.49
4363,131.33
4365,306.8
4370,"2,701.01"
4371,237.588
4373,144.73
4374,115.52
4377,242.12
4378,188.24
4380,"1,229.55"
4381,165.92
4382,252.48
4383,24.388
4385,237.75
4387,228.08
4390,822.9
4400,458.28
4401,902.794
4402,109.28
4403,155.88
4405,"1,990.12"
4406,153.349
4407,87.4
4408,110.8
4410,68.52
4411,25
4412,23.2
4413,"1,056.50"
4415,259.89
4416,159.4
4417,55.74
4419,142.34
4420,91.07
4421,436.872
4422,124.8
4424,46.8
4427,93.74
4428,98.66
4454,51.9
4455,"1,008.13"
4465,112.32
4468,192.75
4470,453.22
4472,62.58
4477,52.8
4478,51.2
4480,9.6
4486,18.432
4487,485.38
4490,143.898
4500,"15,252.87"
4501,"1,257.67"
4502,"3,006.98"
4503,"12,503.49"
4504,"10,026.95"
4505,"11,460.38"
4506,"7,128.56"
4507,"7,767.93"
4508,"3,997.52"
4509,"12,092.44"
4510,"17,693.46"
4511,"3,554.61"
4512,"1,945.94"
4513,158.26
4514,"4,496.34"
4515,"1,661.54"
4516,"2,256.22"
4517,316.6
4518,"2,785.07"
4519,"2,741.97"
4520,"9,187.05"
4521,"3,448.85"
4550,"1,909.24"
4551,"21,917.10"
4552,"5,300.84"
4553,"4,876.92"
4554,866.16
4555,"2,848.92"
4556,"14,061.86"
4557,"4,982.70"
4558,"3,432.54"
4559,"2,907.93"
4560,"12,494.69"
4561,"5,990.33"
4562,"4,457.39"
4563,"4,665.16"
4564,"4,033.53"
4565,"4,685.45"
4566,"3,074.40"
4567,"4,942.96"
4568,"1,623.63"
4569,601.69
4570,"13,206.19"
4571,345.692
4572,753.26
4573,"9,904.85"
4574,698.822
4575,"7,735.78"
4580,"1,470.51"
4581,872.33
4600,271.48
4601,160.82
4605,584.222
4606,438.272
4608,154.2
4610,"2,421.43"
4612,42.96
4613,59.28
4614,168.528
4615,"1,652.90"
4620,205.126
4621,379.08
4625,227.5
4626,201.13
4627,53.36
4630,552.132
4650,"7,696.54"
4655,"14,097.61"
4659,"1,682.02"
4660,"2,444.85"
4662,165.53
4670,"16,033.57"
4671,"1,524.50"
4673,22.4
4674,640.74
4676,32.88
4677,"1,308.84"
4678,325.478
4680,"10,952.35"
4694,38.4
4695,191.579
4699,48.96
4700,"1,562.98"
4701,"4,605.96"
4702,"4,805.82"
4703,"5,102.06"
4705,46.8
4707,27.36
4710,"1,058.81"
4711,424.633
4712,30.4
4714,408.466
4715,309.99
4716,92.16
4717,469.68
4718,723.942
4719,111.56
4720,"1,013.95"
4721,341.352
4722,81.389
4723,320.54
4725,144.48
4726,51.74
4727,46.8
4730,545.519
4731,39
4733,57.599
4735,290.384
4737,"2,254.29"
4738,204.36
4739,94.21
4740,"20,316.78"
4741,"2,697.78"
4742,330.02
4744,795.31
4745,317.54
4750,"1,396.77"
4751,"1,105.63"
4753,"1,212.83"
4754,883.198
4756,204.34
4757,56.76
4798,181.05
4799,763.42
4800,"5,975.89"
4802,"4,762.07"
4804,554.37
4805,"4,132.83"
4806,319.846
4807,"1,573.94"
4808,263.55
4809,428.35
4810,"5,149.53"
4811,"3,052.80"
4812,"4,004.26"
4814,"11,302.29"
4815,"5,331.60"
4816,"4,041.02"
4817,"9,306.94"
4818,"13,383.27"
4819,"1,132.97"
4820,"1,794.63"
4821,75.599
4822,7.8
4823,102.38
4824,274.48
4825,925.119
4829,250.28
4849,453.36
4850,"1,501.75"
4852,"2,218.11"
4854,991.64
4855,83.52
4856,142.676
4858,367.64
4859,113.14
4860,"1,346.85"
4861,232.52
4865,"2,347.33"
4868,"5,868.42"
4869,"3,996.00"
4870,"15,082.93"
4871,"1,730.23"
4872,942.33
4873,"1,655.40"
4874,28.2
4875,125.8
4876,36.48
4877,"1,423.12"
4878,"4,620.21"
4879,"8,383.38"
4880,"2,795.77"
4881,"1,370.46"
4882,670.569
4883,"1,886.04"
4884,671.19
4885,"1,041.65"
4886,252.53
4887,248.24
4888,"1,612.69"
4890,25
4891,65.8
4892,84.2
4895,223.24
5000,"1,304.01"
5006,"1,484.11"
5007,"2,531.26"
5008,"7,125.42"
5009,"2,785.53"
5010,"2,821.22"
5011,"7,003.29"
5012,"5,848.45"
5013,"4,838.31"
5014,"3,968.45"
5015,"2,383.95"
5016,"3,652.28"
5017,"1,272.75"
5018,"2,115.33"
5019,"3,917.92"
5020,"1,346.04"
5021,"3,055.92"
5022,"8,067.49"
5023,"5,956.54"
5024,"6,630.30"
5025,"3,709.64"
5031,"4,115.93"
5032,"6,323.37"
5033,"3,073.57"
5034,"5,343.04"
5035,"2,907.96"
5037,"4,866.40"
5038,"6,673.42"
5039,"4,544.42"
5040,"1,454.57"
5041,"6,403.76"
5042,"5,575.40"
5043,"7,561.06"
5044,"5,745.63"
5045,"5,646.51"
5046,"3,834.60"
5047,"3,971.44"
5048,"7,507.48"
5049,"6,123.73"
5050,"3,492.66"
5051,"9,399.78"
5052,"3,276.45"
5061,"5,554.58"
5062,"9,799.41"
5063,"6,498.79"
5064,"7,745.22"
5065,"6,582.65"
5066,"10,653.13"
5067,"4,275.08"
5068,"6,392.05"
5069,"4,685.85"
5070,"8,158.92"
5072,"9,842.03"
5073,"11,349.31"
5074,"7,139.80"
5075,"6,091.87"
5076,"5,492.48"
5081,"6,465.80"
5082,"8,387.90"
5083,"3,664.89"
5084,"3,877.74"
5085,"14,342.36"
5086,"10,639.65"
5087,"6,186.01"
5088,"1,368.54"
5089,"3,869.23"
5090,"2,825.47"
5091,"3,085.25"
5092,"8,513.53"
5093,"3,594.55"
5094,413.062
5095,"9,770.38"
5096,"6,441.11"
5097,"5,431.92"
5098,"5,334.57"
5106,141.6
5107,"8,503.66"
5108,"13,664.67"
5109,"7,450.68"
5110,"4,171.10"
5111,124.8
5112,"5,473.71"
5113,"4,916.26"
5114,"13,857.84"
5115,"5,739.03"
5116,"4,607.61"
5117,"8,930.57"
5118,"10,659.26"
5120,"8,261.25"
5121,"2,033.68"
5125,"8,782.20"
5126,"2,864.84"
5127,"3,472.97"
5131,884.36
5132,222.52
5133,205.27
5134,504.76
5136,588.93
5137,304.259
5138,324.08
5139,222.74
5140,547.824
5141,728.08
5142,392.299
5144,512.224
5150,13.995
5151,263.83
5152,"4,177.97"
5153,"4,179.50"
5154,"2,331.89"
5155,"1,731.76"
5156,696.86
5157,"2,650.18"
5158,"10,671.22"
5159,"16,897.35"
5160,417
5161,"3,834.84"
5162,"13,370.42"
5163,"4,927.62"
5164,986.238
5165,"1,487.92"
5166,645.163
5167,"3,189.62"
5168,"2,405.71"
5169,"9,735.63"
5170,753.462
5171,"3,981.42"
5172,"3,269.35"
5173,"5,817.97"
5174,"1,385.04"
5201,"1,416.91"
5202,510.84
5203,731.814
5204,"2,280.91"
5210,"1,062.80"
5211,"8,390.82"
5212,872.08
5213,906.66
5214,"6,630.95"
5220,13.5
5221,196.79
5222,632.8
5223,"1,447.27"
5231,937.34
5232,467.81
5233,756.92
5234,"1,114.20"
5235,"1,422.36"
5236,108.984
5237,193.724
5238,"2,721.53"
5240,424.03
5241,"1,869.21"
5242,"1,390.17"
5243,751.32
5244,"2,567.09"
5245,"1,567.75"
5250,"2,004.07"
5251,"12,821.00"
5252,"3,435.65"
5253,"9,042.26"
5254,"1,784.98"
5255,"5,655.39"
5256,891.16
5259,849.327
5260,"1,069.43"
5261,40.48
5262,18
5263,151.4
5264,323.2
5265,78.184
5266,191.916
5267,603.53
5268,"1,032.12"
5270,158.996
5271,"2,081.93"
5272,173.552
5275,748.71
5276,661.44
5277,679.179
5278,186.25
5279,78.72
5280,"1,731.27"
5290,"4,399.81"
5291,"3,014.56"
5301,171.016
5302,285.05
5304,190.592
5306,36.48
5307,227.842
5311,43.522
5320,353.536
5321,347.9
5322,729.87
5330,"1,648.83"
5331,133.792
5332,217.69
5333,"2,642.46"
5340,557.822
5341,"3,386.51"
5342,423.159
5343,"1,639.72"
5344,497.22
5345,"1,571.59"
5346,108.69
5350,470.966
5351,"3,381.61"
5352,"3,175.88"
5353,"1,702.64"
5354,265.944
5355,"4,524.97"
5356,461.51
5357,259.54
5360,871.89
5371,"2,798.64"
5372,"1,526.32"
5373,"1,540.71"
5374,"1,094.29"
5381,67.4
5400,627.316
5401,124.238
5410,106.71
5411,77.08
5412,372.64
5413,359.336
5414,15.6
5415,219.91
5416,111.28
5417,682.519
5418,38.4
5419,18.4
5420,18.2
5421,101.9
5422,417.28
5431,69.6
5432,40.96
5433,241.06
5434,239.02
5440,134.46
5451,474.284
5452,366.18
5453,"1,868.17"
5454,114.7
5455,15.6
5460,229.6
5461,947.664
5462,115.2
5464,146.63
5470,6.4
5472,61.53
5473,248.12
5480,251.38
5481,95.34
5482,71.04
5483,126
5485,214
5490,28.6
5491,394.094
5493,36.28
5495,206.936
5501,"9,242.37"
5502,401.87
5510,93.77
5520,98.4
5522,658.21
5523,630.19
5540,"3,309.88"
5550,234.86
5552,121.5
5554,"2,193.78"
5555,296.08
5556,"2,838.20"
5558,"3,687.76"
5560,211.684
5570,395.21
5571,898.75
5572,72.52
5573,"1,199.14"
5575,"1,287.49"
5576,350.9
5577,321.17
5580,210
5581,239.28
5582,500.96
5583,372.23
5600,"1,153.69"
5602,543.4
5603,165.88
5604,88.2
5605,580.48
5606,"3,493.36"
5607,"2,329.47"
5608,"1,822.90"
5609,532.292
5631,189.1
5632,23.4
5633,39
5640,227.91
5641,252.4
5651,42.72
5652,32.8
5654,87
5655,104.16
5670,284.92
5671,22.799
5680,677.64
5690,582.569
5700,"2,039.23"
5710,751.572
5713,92.16
5722,46.8
5723,27
5724,37.6
5725,226.379
5731,23.4
5733,154.88
6000,390.526
6003,242.63
6004,376.5
6005,196.34
6006,"1,989.23"
6007,"1,547.64"
6008,"3,179.24"
6009,"4,898.00"
6010,"4,026.54"
6011,"2,243.56"
6012,"2,373.96"
6014,"5,679.81"
6015,"2,126.90"
6016,"2,191.90"
6017,451.12
6018,"9,591.76"
6019,"3,912.45"
6020,"6,319.60"
6021,"5,094.05"
6022,"1,289.87"
6023,"4,687.20"
6024,"3,264.66"
6025,"8,242.68"
6026,"6,879.02"
6027,"9,920.61"
6028,"6,273.65"
6029,519.858
6030,"9,742.19"
6031,"6,159.45"
6032,13.3
6033,164.57
6034,"2,868.64"
6035,"4,518.53"
6036,"4,023.90"
6037,"1,929.45"
6038,"4,427.27"
6041,649.32
6043,136.3
6044,366.39
6050,"3,926.96"
6051,"2,004.39"
6052,"2,453.79"
6053,"3,244.89"
6054,"3,807.62"
6055,"19,879.66"
6056,"8,873.72"
6057,"3,751.67"
6058,"3,457.82"
6059,"6,906.66"
6060,"3,705.29"
6061,"5,360.21"
6062,"7,844.79"
6063,"4,992.19"
6064,"5,261.31"
6065,"28,187.99"
6066,"4,215.91"
6069,"18,093.41"
6070,657.026
6071,958.262
6072,310.18
6073,657.803
6074,399.92
6076,"5,691.45"
6077,480.23
6078,359.71
6079,16.5
6081,"1,246.32"
6082,"1,028.83"
6083,"1,260.47"
6084,"5,382.06"
6090,231.03
6100,"2,537.09"
6101,"3,909.79"
6102,"2,178.37"
6103,"1,401.59"
6104,"3,504.95"
6105,"3,133.41"
6106,56.32
6107,"12,998.44"
6108,"5,734.46"
6109,"2,770.62"
6110,"14,161.78"
6111,"6,174.32"
6112,"29,152.39"
6121,"1,252.41"
6122,"10,265.85"
6123,829.316
6124,245.47
6125,"1,013.24"
6126,62.1
6147,"4,165.11"
6148,"8,185.88"
6149,"7,993.09"
6150,"5,572.37"
6151,"2,568.98"
6152,"6,496.90"
6153,"7,995.81"
6154,"3,301.24"
6155,"23,859.75"
6156,"3,945.70"
6157,"2,842.67"
6158,"1,750.18"
6159,495.66
6160,"1,110.20"
6162,"2,312.90"
6163,"12,435.15"
6164,"25,888.83"
6166,"2,974.72"
6167,"7,679.02"
6168,"4,140.49"
6169,"6,894.84"
6170,"6,976.06"
6171,"16,088.08"
6172,"3,908.91"
6173,"3,466.35"
6174,"2,282.29"
6175,"1,260.05"
6176,841.14
6180,"3,062.72"
6181,93.08
6207,897.43
6208,"4,134.35"
6209,558.6
6210,"17,757.01"
6211,"2,714.62"
6213,227.13
6214,180.12
6215,768.558
6218,83.16
6219,91.14
6220,778.604
6221,19.32
6223,75.77
6224,133.24
6225,923
6226,198.3
6227,197.76
6228,37.6
6230,"6,281.05"
6232,"1,422.30"
6233,"4,028.89"
6236,443.17
6237,557.644
6239,"1,073.24"
6243,28.2
6244,157.14
6251,165.62
6252,141.96
6253,235.76
6254,19.6
6255,680.73
6256,61.92
6258,491.92
6260,280.716
6262,120.407
6271,743.05
6275,345.38
6280,"7,557.24"
6281,"2,027.98"
6282,771.53
6284,555.174
6285,"2,347.73"
6286,507.85
6288,89.04
6290,164.72
6302,802.898
6304,284.237
6306,60.8
6308,125.77
6309,64
6311,83.36
6312,578.328
6313,62.24
6315,135.32
6317,72.7
6318,22.98
6321,16.5
6322,35.2
6323,42.3
6324,263.999
6326,45
6327,31.2
6328,15
6330,"3,003.11"
6333,932.5
6336,19
6338,229.9
6341,46.8
6348,81.03
6350,47.7
6353,19.2
6358,63.78
6363,46
6365,137.1
6368,75.2
6369,20
6375,30.72
6383,74.4
6390,270.92
6391,120.12
6394,27.36
6395,30.388
6396,13.8
6398,67.6
6401,842.68
6407,27.36
6410,47.2
6415,42.3
6418,80.72
6422,30.72
6429,14.25
6430,"1,151.47"
6432,164.95
6442,45.4
6443,31.2
6445,18
6450,926.34
6460,70.02
6461,43.2
6462,114.72
6475,38.4
6476,33.1
6479,9.9
6501,476.33
6502,325.124
6503,620.932
6507,98.17
6510,111.312
6511,75.6
6514,147.17
6516,843.76
6519,33
6522,13
6525,557.84
6528,28.8
6530,"2,774.91"
6532,932.1
6535,137.52
6536,255.879
6556,305.97
6558,107.87
6560,271.98
6562,344.32
6564,74.7
6566,901.025
6567,85
6569,19.4
6575,46
6603,93.096
6608,19.2
6609,100.3
6630,18.72
6635,9.6
6642,72.96
6701,165.51
6705,67.2
6707,184.58
6710,90
6713,27.6
6714,311.32
6718,36.64
6721,99.36
6722,185.84
6725,492.27
6726,189.11
6728,62.68
6751,185.679
6753,76.3
7000,"1,588.46"
7004,692.612
7005,"1,503.45"
7007,581.47
7008,"1,140.22"
7009,736.042
7010,646.2
7011,"1,326.94"
7012,81.5
7015,"1,210.65"
7016,242.916
7017,934.516
7018,"2,368.50"
7019,558.8
7020,326.444
7021,298.83
7022,105.2
7023,180.444
7024,56.6
7025,357
7026,278.28
7027,116.663
7030,"1,646.76"
7050,"1,724.77"
7052,917.576
7053,523.488
7054,"1,341.08"
7055,25.6
7109,"1,616.72"
7112,664.823
7113,162.838
7116,344.1
7117,231.1
7120,112.38
7140,"1,164.16"
7150,977.243
7155,224.78
7162,111.72
7163,85.64
7170,"1,316.52"
7171,492.4
7172,510.28
7173,980.58
7174,15.36
7175,114.02
7176,7.8
7177,175.52
7178,80.284
7179,94.32
7180,25.7
7182,97.92
7184,408.68
7185,235.06
7186,197.16
7187,25.2
7190,750.328
7209,28
7210,13.3
7211,46.8
7212,196.071
7214,25.6
7215,698.692
7216,376.633
7248,454.862
7249,636.931
7250,"3,577.66"
7252,459.64
7253,439.451
7254,65.6
7255,61.92
7256,20
7258,269.62
7259,130.9
7260,104.24
7261,13.5
7262,157.42
7263,36.77
7264,122.384
7265,12.8
7267,149.46
7268,308.94
7270,312.261
7275,673.959
7276,100.95
7277,730.386
7290,97.27
7291,61.5
7292,26.4
7300,278.826
7301,340.82
7302,111.499
7303,303.811
7304,"1,014.72"
7305,211.061
7306,458.011
7307,"1,115.61"
7310,"1,763.50"
7315,"1,172.56"
7316,664.561
7320,831.828
7321,351.04
7322,282.036
7325,"1,065.82"
7330,387.296
7467,76
7468,9.7
7469,96.7
7470,19.864